datetime;Cycle;Phase;Position;c1;c2;c3
11/05/2023 16:43;1;1;S;200;0;0
11/05/2023 16:44;1;1;S;199;0;0
11/05/2023 16:44;1;1;S;199;0;0
11/05/2023 16:44;1;1;S;199;0;0
11/05/2023 16:44;1;1;S;198;0;0
11/05/2023 16:44;1;1;S;198;0;0
11/05/2023 16:44;1;1;S;198;0;0
11/05/2023 16:44;1;1;S;198;0;0
11/05/2023 16:44;1;1;S;198;0;0
11/05/2023 16:44;1;1;S;198;0;0
11/05/2023 16:44;1;1;S;198;0;0
11/05/2023 16:44;1;1;S;198;0;0
11/05/2023 16:44;1;1;S;197;0;0
11/05/2023 16:45;1;1;S;197;0;0
11/05/2023 16:45;1;1;S;198;0;0
11/05/2023 16:45;1;1;S;198;0;0
11/05/2023 16:45;1;1;S;197;0;0
11/05/2023 16:45;1;1;S;197;0;0
11/05/2023 16:45;1;1;S;197;0;0
11/05/2023 16:45;1;1;S;197;0;0
11/05/2023 16:45;1;1;S;196;0;0
11/05/2023 16:45;1;1;S;196;0;0
11/05/2023 16:45;1;1;S;196;0;0
11/05/2023 16:45;1;1;S;196;0;0
11/05/2023 16:45;1;1;S;196;0;0
11/05/2023 16:46;1;1;S;196;0;0
11/05/2023 16:46;1;1;S;197;0;0
11/05/2023 16:46;1;1;S;197;0;0
11/05/2023 16:46;1;1;S;197;0;0
11/05/2023 16:46;1;1;S;197;0;0
11/05/2023 16:46;1;1;S;197;0;0
11/05/2023 16:46;1;1;S;197;0;0
11/05/2023 16:46;1;1;S;197;0;0
11/05/2023 16:46;1;1;S;198;0;0
11/05/2023 16:46;1;1;S;198;0;0
11/05/2023 16:46;1;1;S;198;0;0
11/05/2023 16:46;1;1;S;198;0;0
11/05/2023 16:47;1;1;S;198;0;0
11/05/2023 16:47;1;1;S;198;0;0
11/05/2023 16:47;1;1;S;198;0;0
11/05/2023 16:47;1;1;S;198;0;0
11/05/2023 16:47;1;1;S;198;0;0
11/05/2023 16:47;1;1;S;198;0;0
11/05/2023 16:47;1;1;S;197;0;0
11/05/2023 16:47;1;1;S;197;0;0
11/05/2023 16:47;1;1;S;197;0;0
11/05/2023 16:47;1;1;S;197;0;0
11/05/2023 16:47;1;1;S;197;0;0
11/05/2023 16:47;1;1;S;197;0;0
11/05/2023 16:48;1;1;S;198;0;0
11/05/2023 16:48;1;1;S;198;0;0
11/05/2023 16:48;1;1;S;199;0;0
11/05/2023 16:48;1;1;S;199;0;0
11/05/2023 16:48;1;1;S;199;0;0
11/05/2023 16:48;1;1;S;199;0;0
11/05/2023 16:48;1;1;S;199;0;0
11/05/2023 16:48;1;1;S;198;0;0
11/05/2023 16:48;1;1;S;198;0;0
11/05/2023 16:48;1;1;S;199;0;0
11/05/2023 16:48;1;1;S;199;0;0
11/05/2023 16:48;1;1;S;198;0;0
11/05/2023 16:49;1;1;S;198;0;0
11/05/2023 16:49;1;1;S;198;0;0
11/05/2023 16:49;1;1;S;198;0;0
11/05/2023 16:49;1;1;S;197;0;0
11/05/2023 16:49;1;1;S;197;0;0
11/05/2023 16:49;1;1;S;197;0;0
11/05/2023 16:49;1;1;S;197;0;0
11/05/2023 16:49;1;1;S;198;0;0
11/05/2023 16:49;1;1;S;198;0;0
11/05/2023 16:49;1;1;S;199;0;0
11/05/2023 16:49;1;1;S;199;0;0
11/05/2023 16:49;1;1;S;199;0;0
11/05/2023 16:50;1;1;S;199;0;0
11/05/2023 16:50;1;1;S;199;0;0
11/05/2023 16:50;1;1;S;199;0;0
11/05/2023 16:50;1;1;S;198;0;0
11/05/2023 16:50;1;1;S;198;0;0
11/05/2023 16:50;1;1;S;198;0;0
11/05/2023 16:50;1;1;S;199;0;0
11/05/2023 16:50;1;1;S;199;0;0
11/05/2023 16:50;1;1;S;199;0;0
11/05/2023 16:50;1;1;S;199;0;0
11/05/2023 16:50;1;1;S;199;0;0
11/05/2023 16:50;1;1;S;199;0;0
11/05/2023 16:51;1;1;S;198;0;0
11/05/2023 16:51;1;1;S;198;0;0
11/05/2023 16:51;1;1;S;197;0;0
11/05/2023 16:51;1;1;S;197;0;0
11/05/2023 16:51;1;1;S;199;0;0
11/05/2023 16:51;1;1;S;199;0;0
11/05/2023 16:51;1;1;S;199;0;0
11/05/2023 16:51;1;1;S;199;0;0
11/05/2023 16:51;1;1;S;198;0;0
11/05/2023 16:51;1;1;S;198;0;0
11/05/2023 16:51;1;1;S;196;0;0
11/05/2023 16:51;1;1;S;196;0;0
11/05/2023 16:52;1;1;S;197;0;0
11/05/2023 16:52;1;1;S;197;0;0
11/05/2023 16:52;1;1;S;198;0;0
11/05/2023 16:52;1;1;S;199;0;0
11/05/2023 16:52;1;1;S;199;0;0
11/05/2023 16:52;1;1;S;200;0;0
11/05/2023 16:52;1;1;S;200;0;0
11/05/2023 16:52;1;1;S;200;0;0
11/05/2023 16:52;1;1;S;200;0;0
11/05/2023 16:52;1;1;S;200;0;0
11/05/2023 16:52;1;1;S;200;0;0
11/05/2023 16:52;1;1;S;200;0;0
11/05/2023 16:53;1;1;S;200;0;0
11/05/2023 16:53;1;1;S;198;0;0
11/05/2023 16:53;1;1;S;198;0;0
11/05/2023 16:53;1;1;S;198;0;0
11/05/2023 16:53;1;1;S;198;0;0
11/05/2023 16:53;1;1;S;197;0;0
11/05/2023 16:53;1;1;S;197;0;0
11/05/2023 16:53;1;1;S;197;0;0
11/05/2023 16:53;1;1;S;197;0;0
11/05/2023 16:53;1;1;S;198;0;0
11/05/2023 16:53;1;1;S;198;0;0
11/05/2023 16:53;1;1;S;197;0;0
11/05/2023 16:54;1;1;S;197;0;0
11/05/2023 16:54;1;1;S;198;0;0
11/05/2023 16:54;1;1;S;198;0;0
11/05/2023 16:54;1;1;S;197;0;0
11/05/2023 16:54;1;1;S;197;0;0
11/05/2023 16:54;1;1;S;197;0;0
11/05/2023 16:54;1;1;S;197;0;0
11/05/2023 16:54;1;1;S;197;0;0
11/05/2023 16:54;1;1;S;198;0;0
11/05/2023 16:54;1;1;S;198;0;0
11/05/2023 16:54;1;1;S;198;0;0
11/05/2023 16:54;1;1;S;198;0;0
11/05/2023 16:55;1;1;S;198;0;0
11/05/2023 16:55;1;1;S;198;0;0
11/05/2023 16:55;1;1;S;198;0;0
11/05/2023 16:55;1;1;S;198;0;0
11/05/2023 16:55;1;1;S;198;0;0
11/05/2023 16:55;1;1;S;198;0;0
11/05/2023 16:55;1;1;S;198;0;0
11/05/2023 16:55;1;1;S;198;0;0
11/05/2023 16:55;1;1;S;198;0;0
11/05/2023 16:55;1;1;S;198;0;0
11/05/2023 16:55;1;1;S;198;0;0
11/05/2023 16:55;1;1;S;198;0;0
11/05/2023 16:56;1;1;S;198;0;0
11/05/2023 16:56;1;1;S;198;0;0
11/05/2023 16:56;1;1;S;197;0;0
11/05/2023 16:56;1;1;S;197;0;0
11/05/2023 16:56;1;1;S;197;0;0
11/05/2023 16:56;1;1;S;197;0;0
11/05/2023 16:56;1;1;S;197;0;0
11/05/2023 16:56;1;1;S;198;0;0
11/05/2023 16:56;1;1;S;198;0;0
11/05/2023 16:56;1;1;S;198;0;0
11/05/2023 16:56;1;1;S;198;0;0
11/05/2023 16:56;1;1;S;198;0;0
11/05/2023 16:57;1;1;S;198;0;0
11/05/2023 16:57;1;1;S;197;0;0
11/05/2023 16:57;1;1;S;197;0;0
11/05/2023 16:57;1;1;S;197;0;0
11/05/2023 16:57;1;1;S;197;0;0
11/05/2023 16:57;1;1;S;197;0;0
11/05/2023 16:57;1;1;S;197;0;0
11/05/2023 16:57;1;1;S;197;0;0
11/05/2023 16:57;1;1;S;197;0;0
11/05/2023 16:57;1;1;S;197;0;0
11/05/2023 16:57;1;1;S;197;0;0
11/05/2023 16:57;1;1;S;196;0;0
11/05/2023 16:58;1;1;S;196;0;0
11/05/2023 16:58;1;1;S;196;0;0
11/05/2023 16:58;1;1;S;196;0;0
11/05/2023 16:58;1;1;S;196;0;0
11/05/2023 16:58;1;1;S;198;0;0
11/05/2023 16:58;1;1;S;198;0;0
11/05/2023 16:58;1;1;S;198;0;0
11/05/2023 16:58;1;1;S;198;0;0
11/05/2023 16:58;1;1;S;198;0;0
11/05/2023 16:58;1;1;S;198;0;0
11/05/2023 16:58;1;1;S;198;0;0
11/05/2023 16:58;1;1;S;198;0;0
11/05/2023 16:59;1;1;S;197;0;0
11/05/2023 16:59;1;1;S;197;0;0
11/05/2023 16:59;1;1;S;197;0;0
11/05/2023 16:59;1;1;S;197;0;0
11/05/2023 16:59;1;1;S;197;0;0
11/05/2023 16:59;1;1;S;197;0;0
11/05/2023 16:59;1;1;S;198;0;0
11/05/2023 16:59;1;1;S;198;0;0
11/05/2023 16:59;1;1;S;199;0;0
11/05/2023 16:59;1;1;S;199;0;0
11/05/2023 16:59;1;1;S;198;0;0
11/05/2023 16:59;1;1;S;198;0;0
11/05/2023 17:00;1;1;S;199;0;0
11/05/2023 17:00;1;1;S;199;0;0
11/05/2023 17:00;1;1;S;198;0;0
11/05/2023 17:00;1;1;S;198;0;0
11/05/2023 17:00;1;1;S;198;0;0
11/05/2023 17:00;1;1;S;198;0;0
11/05/2023 17:00;1;1;S;198;0;0
11/05/2023 17:00;1;1;S;198;0;0
11/05/2023 17:00;1;1;S;198;0;0
11/05/2023 17:00;1;1;S;198;0;0
11/05/2023 17:00;1;1;S;198;0;0
11/05/2023 17:00;1;1;S;197;0;0
11/05/2023 17:01;1;1;S;197;0;0
11/05/2023 17:01;1;1;S;197;0;0
11/05/2023 17:01;1;1;S;197;0;0
11/05/2023 17:01;1;1;S;197;0;0
11/05/2023 17:01;1;1;S;197;0;0
11/05/2023 17:01;1;1;S;196;0;0
11/05/2023 17:01;1;1;S;196;0;0
11/05/2023 17:01;1;1;S;197;0;0
11/05/2023 17:01;1;1;S;197;0;0
11/05/2023 17:01;1;1;S;196;0;0
11/05/2023 17:01;1;1;S;196;0;0
11/05/2023 17:01;1;1;S;197;0;0
11/05/2023 17:02;1;1;S;197;0;0
11/05/2023 17:02;1;1;S;197;0;0
11/05/2023 17:02;1;1;S;197;0;0
11/05/2023 17:02;1;1;S;198;0;0
11/05/2023 17:02;1;1;S;199;0;0
11/05/2023 17:02;1;1;S;199;0;0
11/05/2023 17:02;1;1;S;199;0;0
11/05/2023 17:02;1;1;S;199;0;0
11/05/2023 17:02;1;1;S;198;0;0
11/05/2023 17:02;1;1;S;198;0;0
11/05/2023 17:02;1;1;S;198;0;0
11/05/2023 17:02;1;1;S;198;0;0
11/05/2023 17:03;1;1;S;197;0;0
11/05/2023 17:03;1;1;S;197;0;0
11/05/2023 17:03;1;1;S;197;0;0
11/05/2023 17:03;1;1;S;197;0;0
11/05/2023 17:03;1;1;S;197;0;0
11/05/2023 17:03;1;1;S;197;0;0
11/05/2023 17:03;1;1;S;196;0;0
11/05/2023 17:03;1;1;S;196;0;0
11/05/2023 17:03;1;1;S;197;0;0
11/05/2023 17:03;1;1;S;197;0;0
11/05/2023 17:03;1;1;M1;197;0;0
11/05/2023 17:03;1;1;M1;197;0;0
11/05/2023 17:04;1;1;A;198;0;0
11/05/2023 17:04;1;1;A;198;0;0
11/05/2023 17:04;1;1;A;198;0;0
11/05/2023 17:04;1;1;A;198;0;0
11/05/2023 17:04;1;1;A;198;0;0
11/05/2023 17:04;1;1;A;198;0;0
11/05/2023 17:04;1;1;A;198;0;0
11/05/2023 17:04;1;1;A;198;0;0
11/05/2023 17:04;1;1;A;198;0;0
11/05/2023 17:04;1;1;A;198;0;0
11/05/2023 17:04;1;1;A;198;0;0
11/05/2023 17:04;1;1;A;198;0;0
11/05/2023 17:05;1;1;A;198;0;0
11/05/2023 17:05;1;1;A;198;0;0
11/05/2023 17:05;1;1;A;198;0;0
11/05/2023 17:05;1;1;A;197;0;0
11/05/2023 17:05;1;1;A;197;0;0
11/05/2023 17:05;1;1;A;198;0;0
11/05/2023 17:05;1;1;A;198;0;0
11/05/2023 17:05;1;1;A;198;0;0
11/05/2023 17:05;1;1;A;198;0;0
11/05/2023 17:05;1;1;A;198;0;0
11/05/2023 17:05;1;1;A;198;0;0
11/05/2023 17:05;1;1;A;197;0;0
11/05/2023 17:06;1;1;A;197;0;0
11/05/2023 17:06;1;1;A;197;0;0
11/05/2023 17:06;1;1;A;197;0;0
11/05/2023 17:06;1;1;A;197;0;0
11/05/2023 17:06;1;1;A;197;0;0
11/05/2023 17:06;1;1;A;197;0;0
11/05/2023 17:06;1;1;A;198;0;0
11/05/2023 17:06;1;1;A;198;0;0
11/05/2023 17:06;1;1;A;198;0;0
11/05/2023 17:06;1;1;A;198;0;0
11/05/2023 17:06;1;1;A;197;0;0
11/05/2023 17:06;1;1;A;197;0;0
11/05/2023 17:07;1;1;A;197;0;0
11/05/2023 17:07;1;1;A;197;0;0
11/05/2023 17:07;1;1;A;198;0;0
11/05/2023 17:07;1;1;A;198;0;0
11/05/2023 17:07;1;1;A;197;0;0
11/05/2023 17:07;1;1;A;197;0;0
11/05/2023 17:07;1;1;A;197;0;0
11/05/2023 17:07;1;1;A;197;0;0
11/05/2023 17:07;1;1;A;196;0;0
11/05/2023 17:07;1;1;A;196;0;0
11/05/2023 17:07;1;1;A;197;0;0
11/05/2023 17:07;1;1;A;197;0;0
11/05/2023 17:08;1;1;A;197;0;0
11/05/2023 17:08;1;1;A;197;0;0
11/05/2023 17:08;1;1;A;198;0;0
11/05/2023 17:08;1;1;A;198;0;0
11/05/2023 17:08;1;1;A;198;0;0
11/05/2023 17:08;1;1;A;198;0;0
11/05/2023 17:08;1;1;A;198;0;0
11/05/2023 17:08;1;1;A;198;0;0
11/05/2023 17:08;1;1;A;198;0;0
11/05/2023 17:08;1;1;A;198;0;0
11/05/2023 17:08;1;1;A;198;0;0
11/05/2023 17:08;1;1;A;198;0;0
11/05/2023 17:09;1;1;A;198;0;0
11/05/2023 17:09;1;1;A;198;0;0
11/05/2023 17:09;1;1;A;198;0;0
11/05/2023 17:09;1;1;A;197;0;0
11/05/2023 17:09;1;1;A;197;0;0
11/05/2023 17:09;1;1;A;198;0;0
11/05/2023 17:09;1;1;A;198;0;0
11/05/2023 17:09;1;1;A;198;0;0
11/05/2023 17:09;1;1;A;198;0;0
11/05/2023 17:09;1;1;A;198;0;0
11/05/2023 17:09;1;1;A;198;0;0
11/05/2023 17:09;1;1;A;198;0;0
11/05/2023 17:10;1;1;M2;198;0;0
11/05/2023 17:10;1;1;M2;198;0;0
11/05/2023 17:10;1;1;A;198;0;0
11/05/2023 17:10;1;1;A;199;0;0
11/05/2023 17:10;1;1;A;199;0;0
11/05/2023 17:10;1;1;A;199;0;0
11/05/2023 17:10;1;1;A;199;0;0
11/05/2023 17:10;1;1;A;199;0;0
11/05/2023 17:10;1;1;A;199;0;0
11/05/2023 17:10;1;1;A;199;0;0
11/05/2023 17:10;1;1;A;199;0;0
11/05/2023 17:10;1;1;A;199;0;0
11/05/2023 17:11;1;1;A;199;0;0
11/05/2023 17:11;1;1;A;199;0;0
11/05/2023 17:11;1;1;A;199;0;0
11/05/2023 17:11;1;1;A;199;0;0
11/05/2023 17:11;1;1;A;198;0;0
11/05/2023 17:11;1;1;A;198;0;0
11/05/2023 17:11;1;1;A;197;0;0
11/05/2023 17:11;1;1;A;197;0;0
11/05/2023 17:11;1;1;A;197;0;0
11/05/2023 17:11;1;1;A;197;0;0
11/05/2023 17:11;1;1;A;197;0;0
11/05/2023 17:11;1;1;A;197;0;0
11/05/2023 17:12;1;1;A;198;0;0
11/05/2023 17:12;1;1;A;198;0;0
11/05/2023 17:12;1;1;A;198;0;0
11/05/2023 17:12;1;1;A;198;0;0
11/05/2023 17:12;1;1;A;198;0;0
11/05/2023 17:12;1;1;A;198;0;0
11/05/2023 17:12;1;1;A;198;0;0
11/05/2023 17:12;1;1;A;197;0;0
11/05/2023 17:12;1;1;A;197;0;0
11/05/2023 17:12;1;1;A;198;0;0
11/05/2023 17:12;1;1;A;198;0;0
11/05/2023 17:12;1;1;A;198;0;0
11/05/2023 17:13;1;1;A;198;0;0
11/05/2023 17:13;1;1;A;197;0;0
11/05/2023 17:13;1;1;A;197;0;0
11/05/2023 17:13;1;1;A;198;0;0
11/05/2023 17:13;1;1;A;198;0;0
11/05/2023 17:13;1;1;A;198;0;0
11/05/2023 17:13;1;1;A;198;0;0
11/05/2023 17:13;1;1;A;198;0;0
11/05/2023 17:13;1;1;A;198;0;0
11/05/2023 17:13;1;1;A;198;0;0
11/05/2023 17:13;1;1;A;198;0;0
11/05/2023 17:13;1;1;A;198;0;0
11/05/2023 17:14;1;1;A;198;0;0
11/05/2023 17:14;1;1;A;198;0;0
11/05/2023 17:14;1;1;A;198;0;0
11/05/2023 17:14;1;1;A;198;0;0
11/05/2023 17:14;1;1;A;198;0;0
11/05/2023 17:14;1;1;A;198;0;0
11/05/2023 17:14;1;1;A;197;0;0
11/05/2023 17:14;1;1;A;197;0;0
11/05/2023 17:14;1;1;A;197;0;0
11/05/2023 17:14;1;1;A;197;0;0
11/05/2023 17:14;1;1;A;197;0;0
11/05/2023 17:14;1;1;A;197;0;0
11/05/2023 17:15;1;1;A;198;0;0
11/05/2023 17:15;1;1;A;198;0;0
11/05/2023 17:15;1;1;A;198;0;0
11/05/2023 17:15;1;1;A;198;0;0
11/05/2023 17:15;1;1;A;198;0;0
11/05/2023 17:15;1;1;A;198;0;0
11/05/2023 17:15;1;1;A;198;0;0
11/05/2023 17:15;1;1;A;198;0;0
11/05/2023 17:15;1;1;A;198;0;0
11/05/2023 17:15;1;1;A;198;0;0
11/05/2023 17:15;1;1;A;198;0;0
11/05/2023 17:15;1;1;A;198;0;0
11/05/2023 17:16;1;1;A;198;0;0
11/05/2023 17:16;1;1;A;198;0;0
11/05/2023 17:16;1;1;M3;198;0;0
11/05/2023 17:16;1;1;M3;198;0;0
11/05/2023 17:16;1;1;A;198;0;0
11/05/2023 17:16;1;1;A;198;0;0
11/05/2023 17:16;1;1;A;198;0;0
11/05/2023 17:16;1;1;A;198;0;0
11/05/2023 17:16;1;1;A;198;0;0
11/05/2023 17:16;1;1;A;198;0;0
11/05/2023 17:16;1;1;A;198;0;0
11/05/2023 17:16;1;1;A;198;0;0
11/05/2023 17:17;1;1;A;198;0;0
11/05/2023 17:17;1;1;A;198;0;0
11/05/2023 17:17;1;1;A;198;0;0
11/05/2023 17:17;1;1;A;198;0;0
11/05/2023 17:17;1;1;A;198;0;0
11/05/2023 17:17;1;1;A;198;0;0
11/05/2023 17:17;1;1;A;198;0;0
11/05/2023 17:17;1;1;A;198;0;0
11/05/2023 17:17;1;1;A;198;0;0
11/05/2023 17:17;1;1;A;198;0;0
11/05/2023 17:17;1;1;A;198;0;0
11/05/2023 17:17;1;1;A;198;0;0
11/05/2023 17:18;1;1;A;198;0;0
11/05/2023 17:18;1;1;A;198;0;0
11/05/2023 17:18;1;1;A;197;0;0
11/05/2023 17:18;1;1;A;197;0;0
11/05/2023 17:18;1;1;A;198;0;0
11/05/2023 17:18;1;1;A;198;0;0
11/05/2023 17:18;1;1;A;198;0;0
11/05/2023 17:18;1;1;A;198;0;0
11/05/2023 17:18;1;1;A;199;0;0
11/05/2023 17:18;1;1;A;199;0;0
11/05/2023 17:18;1;1;A;199;0;0
11/05/2023 17:18;1;1;A;199;0;0
11/05/2023 17:19;1;1;A;198;0;0
11/05/2023 17:19;1;1;A;198;0;0
11/05/2023 17:19;1;1;A;197;0;0
11/05/2023 17:19;1;1;A;197;0;0
11/05/2023 17:19;1;1;A;197;0;0
11/05/2023 17:19;1;1;A;197;0;0
11/05/2023 17:19;1;1;A;197;0;0
11/05/2023 17:19;1;1;A;197;0;0
11/05/2023 17:19;1;1;A;198;0;0
11/05/2023 17:19;1;1;A;198;0;0
11/05/2023 17:19;1;1;A;198;0;0
11/05/2023 17:19;1;1;A;198;0;0
11/05/2023 17:20;1;1;A;198;0;0
11/05/2023 17:20;1;1;A;198;0;0
11/05/2023 17:20;1;1;A;198;0;0
11/05/2023 17:20;1;1;A;199;0;0
11/05/2023 17:20;1;1;A;199;0;0
11/05/2023 17:20;1;1;A;198;0;0
11/05/2023 17:20;1;1;A;198;0;0
11/05/2023 17:20;1;1;A;198;0;0
11/05/2023 17:20;1;1;A;198;0;0
11/05/2023 17:20;1;1;A;197;0;0
11/05/2023 17:20;1;1;A;197;0;0
11/05/2023 17:20;1;1;A;198;0;0
11/05/2023 17:21;1;1;A;198;0;0
11/05/2023 17:21;1;1;A;198;0;0
11/05/2023 17:21;1;1;A;198;0;0
11/05/2023 17:21;1;1;A;197;0;0
11/05/2023 17:21;1;1;A;197;0;0
11/05/2023 17:21;1;1;A;197;0;0
11/05/2023 17:21;1;1;A;197;0;0
11/05/2023 17:21;1;1;A;197;0;0
11/05/2023 17:21;1;1;A;197;0;0
11/05/2023 17:21;1;1;A;198;0;0
11/05/2023 17:21;1;1;A;197;0;0
11/05/2023 17:21;1;1;A;197;0;0
11/05/2023 17:22;1;1;A;197;0;0
11/05/2023 17:22;1;1;A;197;0;0
11/05/2023 17:22;1;1;A;198;0;0
11/05/2023 17:22;1;1;A;198;0;0
11/05/2023 17:22;1;1;M4;198;0;0
11/05/2023 17:22;1;1;M4;198;0;0
11/05/2023 17:22;1;1;A;199;0;0
11/05/2023 17:22;1;1;A;199;0;0
11/05/2023 17:22;1;1;A;199;0;0
11/05/2023 17:22;1;1;A;199;0;0
11/05/2023 17:22;1;1;A;198;0;0
11/05/2023 17:22;1;1;A;198;0;0
11/05/2023 17:23;1;1;A;198;0;0
11/05/2023 17:23;1;1;A;198;0;0
11/05/2023 17:23;1;1;A;197;0;0
11/05/2023 17:23;1;1;A;197;0;0
11/05/2023 17:23;1;1;A;197;0;0
11/05/2023 17:23;1;1;A;197;0;0
11/05/2023 17:23;1;1;A;197;0;0
11/05/2023 17:23;1;1;A;197;0;0
11/05/2023 17:23;1;1;A;197;0;0
11/05/2023 17:23;1;1;A;197;0;0
11/05/2023 17:23;1;1;A;198;0;0
11/05/2023 17:23;1;1;A;198;0;0
11/05/2023 17:24;1;1;A;198;0;0
11/05/2023 17:24;1;1;A;198;0;0
11/05/2023 17:24;1;1;A;198;0;0
11/05/2023 17:24;1;1;A;198;0;0
11/05/2023 17:24;1;1;A;198;0;0
11/05/2023 17:24;1;1;A;198;0;0
11/05/2023 17:24;1;1;A;198;0;0
11/05/2023 17:24;1;1;A;198;0;0
11/05/2023 17:24;1;1;A;198;0;0
11/05/2023 17:24;1;1;A;198;0;0
11/05/2023 17:24;1;1;A;198;0;0
11/05/2023 17:24;1;1;A;198;0;0
11/05/2023 17:25;1;1;A;198;0;0
11/05/2023 17:25;1;1;A;198;0;0
11/05/2023 17:25;1;1;A;198;0;0
11/05/2023 17:25;1;1;A;198;0;0
11/05/2023 17:25;1;1;A;198;0;0
11/05/2023 17:25;1;1;A;198;0;0
11/05/2023 17:25;1;1;A;198;0;0
11/05/2023 17:25;1;1;A;197;0;0
11/05/2023 17:25;1;1;A;197;0;0
11/05/2023 17:25;1;1;A;197;0;0
11/05/2023 17:25;1;1;A;196;0;0
11/05/2023 17:25;1;1;A;196;0;0
11/05/2023 17:26;1;1;A;197;0;0
11/05/2023 17:26;1;1;A;197;0;0
11/05/2023 17:26;1;1;A;197;0;0
11/05/2023 17:26;1;1;A;197;0;0
11/05/2023 17:26;1;1;A;197;0;0
11/05/2023 17:26;1;1;A;197;0;0
11/05/2023 17:26;1;1;A;197;0;0
11/05/2023 17:26;1;1;A;197;0;0
11/05/2023 17:26;1;1;A;198;0;0
11/05/2023 17:26;1;1;A;198;0;0
11/05/2023 17:26;1;1;A;198;0;0
11/05/2023 17:26;1;1;A;198;0;0
11/05/2023 17:27;1;1;A;198;0;0
11/05/2023 17:27;1;1;A;198;0;0
11/05/2023 17:27;1;1;A;197;0;0
11/05/2023 17:27;1;1;A;197;0;0
11/05/2023 17:27;1;1;A;197;0;0
11/05/2023 17:27;1;1;A;197;0;0
11/05/2023 17:27;1;1;A;198;0;0
11/05/2023 17:27;1;1;A;198;0;0
11/05/2023 17:27;1;1;A;198;0;0
11/05/2023 17:27;1;1;A;198;0;0
11/05/2023 17:27;1;1;A;197;0;0
11/05/2023 17:27;1;1;A;197;0;0
11/05/2023 17:28;1;1;A;197;0;0
11/05/2023 17:28;1;1;A;197;0;0
11/05/2023 17:28;1;1;A;197;0;0
11/05/2023 17:28;1;1;A;198;0;0
11/05/2023 17:28;1;1;A;198;0;0
11/05/2023 17:28;1;1;A;198;0;0
11/05/2023 17:28;1;1;M5;198;0;0
11/05/2023 17:28;1;1;M5;199;0;0
11/05/2023 17:28;1;1;A;199;0;0
11/05/2023 17:28;1;1;A;199;0;0
11/05/2023 17:28;1;1;A;199;0;0
11/05/2023 17:28;1;1;A;199;0;0
11/05/2023 17:29;1;1;A;199;0;0
11/05/2023 17:29;1;1;A;198;0;0
11/05/2023 17:29;1;1;A;198;0;0
11/05/2023 17:29;1;1;A;197;0;0
11/05/2023 17:29;1;1;A;197;0;0
11/05/2023 17:29;1;1;A;197;0;0
11/05/2023 17:29;1;1;A;197;0;0
11/05/2023 17:29;1;1;A;197;0;0
11/05/2023 17:29;1;1;A;197;0;0
11/05/2023 17:29;1;1;A;198;0;0
11/05/2023 17:29;1;1;A;198;0;0
11/05/2023 17:29;1;1;A;198;0;0
11/05/2023 17:30;1;1;A;198;0;0
11/05/2023 17:30;1;1;A;198;0;0
11/05/2023 17:30;1;1;A;199;0;0
11/05/2023 17:30;1;1;A;199;0;0
11/05/2023 17:30;1;1;A;199;0;0
11/05/2023 17:30;1;1;A;199;0;0
11/05/2023 17:30;1;1;A;199;0;0
11/05/2023 17:30;1;1;A;199;0;0
11/05/2023 17:30;1;1;A;198;0;0
11/05/2023 17:30;1;1;A;198;0;0
11/05/2023 17:30;1;1;A;198;0;0
11/05/2023 17:30;1;1;A;198;0;0
11/05/2023 17:31;1;1;A;197;0;0
11/05/2023 17:31;1;1;A;197;0;0
11/05/2023 17:31;1;1;A;198;0;0
11/05/2023 17:31;1;1;A;198;0;0
11/05/2023 17:31;1;1;A;198;0;0
11/05/2023 17:31;1;1;A;198;0;0
11/05/2023 17:31;1;1;A;197;0;0
11/05/2023 17:31;1;1;A;197;0;0
11/05/2023 17:31;1;1;A;198;0;0
11/05/2023 17:31;1;1;A;198;0;0
11/05/2023 17:31;1;1;A;198;0;0
11/05/2023 17:31;1;1;A;198;0;0
11/05/2023 17:32;1;1;A;198;0;0
11/05/2023 17:32;1;1;A;198;0;0
11/05/2023 17:32;1;1;A;198;0;0
11/05/2023 17:32;1;1;A;199;0;0
11/05/2023 17:32;1;1;A;199;0;0
11/05/2023 17:32;1;1;A;200;0;0
11/05/2023 17:32;1;1;A;200;0;0
11/05/2023 17:32;1;1;A;200;0;0
11/05/2023 17:32;1;1;A;200;0;0
11/05/2023 17:32;1;1;A;200;0;0
11/05/2023 17:32;1;1;A;200;0;0
11/05/2023 17:32;1;1;A;199;0;0
11/05/2023 17:33;1;1;A;199;0;0
11/05/2023 17:33;1;1;A;198;0;0
11/05/2023 17:33;1;1;A;198;0;0
11/05/2023 17:33;1;1;A;198;0;0
11/05/2023 17:33;1;1;A;198;0;0
11/05/2023 17:33;1;1;A;197;0;0
11/05/2023 17:33;1;1;A;197;0;0
11/05/2023 17:33;1;1;A;197;0;0
11/05/2023 17:33;1;1;A;197;0;0
11/05/2023 17:33;1;1;A;198;0;0
11/05/2023 17:33;1;1;A;198;0;0
11/05/2023 17:33;1;1;A;198;0;0
11/05/2023 17:34;1;1;A;199;0;0
11/05/2023 17:34;1;1;A;199;0;0
11/05/2023 17:34;1;1;A;199;0;0
11/05/2023 17:34;1;1;A;199;0;0
11/05/2023 17:34;1;1;A;199;0;0
11/05/2023 17:34;1;1;A;199;0;0
11/05/2023 17:34;1;1;A;199;0;0
11/05/2023 17:34;1;1;A;199;0;0
11/05/2023 17:34;1;2;S;198;0;0
11/05/2023 17:34;1;2;S;198;0;0
11/05/2023 17:34;1;2;S;197;0;0
11/05/2023 17:34;1;2;S;197;0;0
11/05/2023 17:35;1;2;S;196;0;0
11/05/2023 17:35;1;2;S;196;0;0
11/05/2023 17:35;1;2;S;173;0;0
11/05/2023 17:35;1;2;S;173;0;0
11/05/2023 17:35;1;2;S;146;0;0
11/05/2023 17:35;1;2;S;117;0;0
11/05/2023 17:35;1;2;S;117;0;0
11/05/2023 17:35;1;2;S;103;0;0
11/05/2023 17:35;1;2;S;103;0;0
11/05/2023 17:35;1;2;S;99;0;0
11/05/2023 17:35;1;2;S;99;0;0
11/05/2023 17:35;1;2;S;97;0;0
11/05/2023 17:36;1;2;S;97;0;0
11/05/2023 17:36;1;2;S;97;0;0
11/05/2023 17:36;1;2;S;97;0;0
11/05/2023 17:36;1;2;S;97;0;0
11/05/2023 17:36;1;2;S;97;0;0
11/05/2023 17:36;1;2;S;97;0;0
11/05/2023 17:36;1;2;S;97;0;0
11/05/2023 17:36;1;2;S;97;0;0
11/05/2023 17:36;1;2;S;97;0;0
11/05/2023 17:36;1;2;S;97;0;0
11/05/2023 17:36;1;2;S;97;0;0
11/05/2023 17:36;1;2;S;98;0;0
11/05/2023 17:37;1;2;S;98;0;0
11/05/2023 17:37;1;2;S;98;0;0
11/05/2023 17:37;1;2;S;98;0;0
11/05/2023 17:37;1;2;S;98;0;0
11/05/2023 17:37;1;2;S;99;0;0
11/05/2023 17:37;1;2;S;99;0;0
11/05/2023 17:37;1;2;S;98;0;0
11/05/2023 17:37;1;2;S;98;0;0
11/05/2023 17:37;1;2;S;98;0;0
11/05/2023 17:37;1;2;S;98;0;0
11/05/2023 17:37;1;2;S;99;0;0
11/05/2023 17:37;1;2;S;99;0;0
11/05/2023 17:38;1;2;S;99;0;0
11/05/2023 17:38;1;2;S;99;0;0
11/05/2023 17:38;1;2;S;99;0;0
11/05/2023 17:38;1;2;S;99;0;0
11/05/2023 17:38;1;2;S;99;0;0
11/05/2023 17:38;1;2;S;99;0;0
11/05/2023 17:38;1;2;S;100;0;0
11/05/2023 17:38;1;2;S;100;0;0
11/05/2023 17:38;1;2;S;100;0;0
11/05/2023 17:38;1;2;S;100;0;0
11/05/2023 17:38;1;2;S;100;0;0
11/05/2023 17:38;1;2;S;100;0;0
11/05/2023 17:39;1;2;S;100;0;0
11/05/2023 17:39;1;2;S;100;0;0
11/05/2023 17:39;1;2;S;99;0;0
11/05/2023 17:39;1;2;S;99;0;0
11/05/2023 17:39;1;2;S;98;0;0
11/05/2023 17:39;1;2;S;98;0;0
11/05/2023 17:39;1;2;S;98;0;0
11/05/2023 17:39;1;2;S;98;0;0
11/05/2023 17:39;1;2;S;98;0;0
11/05/2023 17:39;1;2;S;98;0;0
11/05/2023 17:39;1;2;S;98;0;0
11/05/2023 17:39;1;2;S;98;0;0
11/05/2023 17:40;1;2;S;98;0;0
11/05/2023 17:40;1;2;S;99;0;0
11/05/2023 17:40;1;2;S;99;0;0
11/05/2023 17:40;1;2;S;99;0;0
11/05/2023 17:40;1;2;S;99;0;0
11/05/2023 17:40;1;2;S;99;0;0
11/05/2023 17:40;1;2;S;99;0;0
11/05/2023 17:40;1;2;S;99;0;0
11/05/2023 17:40;1;2;S;99;0;0
11/05/2023 17:40;1;2;S;100;0;0
11/05/2023 17:40;1;2;S;100;0;0
11/05/2023 17:40;1;2;S;100;0;0
11/05/2023 17:41;1;2;S;100;0;0
11/05/2023 17:41;1;2;S;99;0;0
11/05/2023 17:41;1;2;S;99;0;0
11/05/2023 17:41;1;2;S;99;0;0
11/05/2023 17:41;1;2;S;99;0;0
11/05/2023 17:41;1;2;S;99;0;0
11/05/2023 17:41;1;2;S;99;0;0
11/05/2023 17:41;1;2;S;99;0;0
11/05/2023 17:41;1;2;S;98;0;0
11/05/2023 17:41;1;2;S;98;0;0
11/05/2023 17:41;1;2;S;99;0;0
11/05/2023 17:41;1;2;S;99;0;0
11/05/2023 17:42;1;2;S;99;0;0
11/05/2023 17:42;1;2;S;99;0;0
11/05/2023 17:42;1;2;S;100;0;0
11/05/2023 17:42;1;2;S;100;0;0
11/05/2023 17:42;1;2;S;99;0;0
11/05/2023 17:42;1;2;S;99;0;0
11/05/2023 17:42;1;2;S;99;0;0
11/05/2023 17:42;1;2;S;99;0;0
11/05/2023 17:42;1;2;S;98;0;0
11/05/2023 17:42;1;2;S;98;0;0
11/05/2023 17:42;1;2;S;99;0;0
11/05/2023 17:42;1;2;S;99;0;0
11/05/2023 17:43;1;2;S;99;0;0
11/05/2023 17:43;1;2;S;99;0;0
11/05/2023 17:43;1;2;S;99;0;0
11/05/2023 17:43;1;2;S;99;0;0
11/05/2023 17:43;1;2;S;99;0;0
11/05/2023 17:43;1;2;S;98;0;0
11/05/2023 17:43;1;2;S;98;0;0
11/05/2023 17:43;1;2;S;99;0;0
11/05/2023 17:43;1;2;S;99;0;0
11/05/2023 17:43;1;2;S;99;0;0
11/05/2023 17:43;1;2;S;99;0;0
11/05/2023 17:43;1;2;S;99;0;0
11/05/2023 17:44;1;2;S;99;0;0
11/05/2023 17:44;1;2;S;98;0;0
11/05/2023 17:44;1;2;S;98;0;0
11/05/2023 17:44;1;2;S;98;0;0
11/05/2023 17:44;1;2;S;98;0;0
11/05/2023 17:44;1;2;S;98;0;0
11/05/2023 17:44;1;2;S;98;0;0
11/05/2023 17:44;1;2;S;98;0;0
11/05/2023 17:44;1;2;M1;98;0;0
11/05/2023 17:44;1;2;M1;98;0;0
11/05/2023 17:44;1;2;A;98;0;0
11/05/2023 17:44;1;2;A;98;0;0
11/05/2023 17:45;1;2;A;98;0;0
11/05/2023 17:45;1;2;A;98;0;0
11/05/2023 17:45;1;2;A;98;0;0
11/05/2023 17:45;1;2;A;98;0;0
11/05/2023 17:45;1;2;A;98;0;0
11/05/2023 17:45;1;2;A;98;0;0
11/05/2023 17:45;1;2;A;99;0;0
11/05/2023 17:45;1;2;A;99;0;0
11/05/2023 17:45;1;2;A;99;0;0
11/05/2023 17:45;1;2;A;99;0;0
11/05/2023 17:45;1;2;A;99;0;0
11/05/2023 17:45;1;2;A;99;0;0
11/05/2023 17:46;1;2;A;99;0;0
11/05/2023 17:46;1;2;A;99;0;0
11/05/2023 17:46;1;2;A;99;0;0
11/05/2023 17:46;1;2;A;99;0;0
11/05/2023 17:46;1;2;A;99;0;0
11/05/2023 17:46;1;2;A;99;0;0
11/05/2023 17:46;1;2;A;99;0;0
11/05/2023 17:46;1;2;A;99;0;0
11/05/2023 17:46;1;2;A;99;0;0
11/05/2023 17:46;1;2;A;99;0;0
11/05/2023 17:46;1;2;A;98;0;0
11/05/2023 17:46;1;2;A;98;0;0
11/05/2023 17:47;1;2;A;98;0;0
11/05/2023 17:47;1;2;A;98;0;0
11/05/2023 17:47;1;2;A;99;0;0
11/05/2023 17:47;1;2;A;99;0;0
11/05/2023 17:47;1;2;A;99;0;0
11/05/2023 17:47;1;2;A;98;0;0
11/05/2023 17:47;1;2;A;98;0;0
11/05/2023 17:47;1;2;A;98;0;0
11/05/2023 17:47;1;2;A;98;0;0
11/05/2023 17:47;1;2;A;99;0;0
11/05/2023 17:47;1;2;A;99;0;0
11/05/2023 17:47;1;2;A;99;0;0
11/05/2023 17:48;1;2;A;99;0;0
11/05/2023 17:48;1;2;A;99;0;0
11/05/2023 17:48;1;2;A;99;0;0
11/05/2023 17:48;1;2;A;99;0;0
11/05/2023 17:48;1;2;A;99;0;0
11/05/2023 17:48;1;2;A;99;0;0
11/05/2023 17:48;1;2;A;99;0;0
11/05/2023 17:48;1;2;A;99;0;0
11/05/2023 17:48;1;2;A;99;0;0
11/05/2023 17:48;1;2;A;99;0;0
11/05/2023 17:48;1;2;A;99;0;0
11/05/2023 17:48;1;2;A;98;0;0
11/05/2023 17:49;1;2;A;98;0;0
11/05/2023 17:49;1;2;A;98;0;0
11/05/2023 17:49;1;2;A;98;0;0
11/05/2023 17:49;1;2;A;98;0;0
11/05/2023 17:49;1;2;A;98;0;0
11/05/2023 17:49;1;2;A;98;0;0
11/05/2023 17:49;1;2;A;98;0;0
11/05/2023 17:49;1;2;A;98;0;0
11/05/2023 17:49;1;2;A;98;0;0
11/05/2023 17:49;1;2;A;98;0;0
11/05/2023 17:49;1;2;A;98;0;0
11/05/2023 17:49;1;2;A;98;0;0
11/05/2023 17:50;1;2;A;98;0;0
11/05/2023 17:50;1;2;A;98;0;0
11/05/2023 17:50;1;2;A;99;0;0
11/05/2023 17:50;1;2;A;99;0;0
11/05/2023 17:50;1;2;A;99;0;0
11/05/2023 17:50;1;2;A;99;0;0
11/05/2023 17:50;1;2;A;99;0;0
11/05/2023 17:50;1;2;A;99;0;0
11/05/2023 17:50;1;2;A;99;0;0
11/05/2023 17:50;1;2;A;99;0;0
11/05/2023 17:50;1;2;M2;99;0;0
11/05/2023 17:50;1;2;M2;99;0;0
11/05/2023 17:51;1;2;A;98;0;0
11/05/2023 17:51;1;2;A;98;0;0
11/05/2023 17:51;1;2;A;99;0;0
11/05/2023 17:51;1;2;A;99;0;0
11/05/2023 17:51;1;2;A;98;0;0
11/05/2023 17:51;1;2;A;99;0;0
11/05/2023 17:51;1;2;A;99;0;0
11/05/2023 17:51;1;2;A;99;0;0
11/05/2023 17:51;1;2;A;99;0;0
11/05/2023 17:51;1;2;A;99;0;0
11/05/2023 17:51;1;2;A;99;0;0
11/05/2023 17:51;1;2;A;99;0;0
11/05/2023 17:52;1;2;A;99;0;0
11/05/2023 17:52;1;2;A;99;0;0
11/05/2023 17:52;1;2;A;99;0;0
11/05/2023 17:52;1;2;A;98;0;0
11/05/2023 17:52;1;2;A;98;0;0
11/05/2023 17:52;1;2;A;98;0;0
11/05/2023 17:52;1;2;A;98;0;0
11/05/2023 17:52;1;2;A;98;0;0
11/05/2023 17:52;1;2;A;98;0;0
11/05/2023 17:52;1;2;A;98;0;0
11/05/2023 17:52;1;2;A;98;0;0
11/05/2023 17:52;1;2;A;98;0;0
11/05/2023 17:53;1;2;A;98;0;0
11/05/2023 17:53;1;2;A;98;0;0
11/05/2023 17:53;1;2;A;98;0;0
11/05/2023 17:53;1;2;A;98;0;0
11/05/2023 17:53;1;2;A;99;0;0
11/05/2023 17:53;1;2;A;99;0;0
11/05/2023 17:53;1;2;A;99;0;0
11/05/2023 17:53;1;2;A;99;0;0
11/05/2023 17:53;1;2;A;99;0;0
11/05/2023 17:53;1;2;A;99;0;0
11/05/2023 17:53;1;2;A;99;0;0
11/05/2023 17:53;1;2;A;99;0;0
11/05/2023 17:54;1;2;A;99;0;0
11/05/2023 17:54;1;2;A;99;0;0
11/05/2023 17:54;1;2;A;99;0;0
11/05/2023 17:54;1;2;A;99;0;0
11/05/2023 17:54;1;2;A;98;0;0
11/05/2023 17:54;1;2;A;98;0;0
11/05/2023 17:54;1;2;A;99;0;0
11/05/2023 17:54;1;2;A;99;0;0
11/05/2023 17:54;1;2;A;99;0;0
11/05/2023 17:54;1;2;A;99;0;0
11/05/2023 17:54;1;2;A;99;0;0
11/05/2023 17:54;1;2;A;99;0;0
11/05/2023 17:55;1;2;A;99;0;0
11/05/2023 17:55;1;2;A;99;0;0
11/05/2023 17:55;1;2;A;98;0;0
11/05/2023 17:55;1;2;A;98;0;0
11/05/2023 17:55;1;2;A;98;0;0
11/05/2023 17:55;1;2;A;98;0;0
11/05/2023 17:55;1;2;A;98;0;0
11/05/2023 17:55;1;2;A;98;0;0
11/05/2023 17:55;1;2;A;98;0;0
11/05/2023 17:55;1;2;A;98;0;0
11/05/2023 17:55;1;2;A;98;0;0
11/05/2023 17:55;1;2;A;99;0;0
11/05/2023 17:56;1;2;A;99;0;0
11/05/2023 17:56;1;2;A;99;0;0
11/05/2023 17:56;1;2;A;99;0;0
11/05/2023 17:56;1;2;A;99;0;0
11/05/2023 17:56;1;2;A;99;0;0
11/05/2023 17:56;1;2;A;99;0;0
11/05/2023 17:56;1;2;A;99;0;0
11/05/2023 17:56;1;2;A;98;0;0
11/05/2023 17:56;1;2;A;98;0;0
11/05/2023 17:56;1;2;A;98;0;0
11/05/2023 17:56;1;2;A;98;0;0
11/05/2023 17:56;1;2;A;98;0;0
11/05/2023 17:57;1;2;M3;98;0;0
11/05/2023 17:57;1;2;M3;97;0;0
11/05/2023 17:57;1;2;A;97;0;0
11/05/2023 17:57;1;2;A;98;0;0
11/05/2023 17:57;1;2;A;98;0;0
11/05/2023 17:57;1;2;A;98;0;0
11/05/2023 17:57;1;2;A;98;0;0
11/05/2023 17:57;1;2;A;98;0;0
11/05/2023 17:57;1;2;A;99;0;0
11/05/2023 17:57;1;2;A;99;0;0
11/05/2023 17:57;1;2;A;99;0;0
11/05/2023 17:57;1;2;A;99;0;0
11/05/2023 17:58;1;2;A;98;0;0
11/05/2023 17:58;1;2;A;98;0;0
11/05/2023 17:58;1;2;A;98;0;0
11/05/2023 17:58;1;2;A;98;0;0
11/05/2023 17:58;1;2;A;98;0;0
11/05/2023 17:58;1;2;A;98;0;0
11/05/2023 17:58;1;2;A;98;0;0
11/05/2023 17:58;1;2;A;98;0;0
11/05/2023 17:58;1;2;A;98;0;0
11/05/2023 17:58;1;2;A;98;0;0
11/05/2023 17:58;1;2;A;98;0;0
11/05/2023 17:58;1;2;A;98;0;0
11/05/2023 17:59;1;2;A;98;0;0
11/05/2023 17:59;1;2;A;98;0;0
11/05/2023 17:59;1;2;A;99;0;0
11/05/2023 17:59;1;2;A;99;0;0
11/05/2023 17:59;1;2;A;99;0;0
11/05/2023 17:59;1;2;A;99;0;0
11/05/2023 17:59;1;2;A;99;0;0
11/05/2023 17:59;1;2;A;99;0;0
11/05/2023 17:59;1;2;A;99;0;0
11/05/2023 17:59;1;2;A;99;0;0
11/05/2023 17:59;1;2;A;99;0;0
11/05/2023 17:59;1;2;A;99;0;0
11/05/2023 18:00;1;2;A;99;0;0
11/05/2023 18:00;1;2;A;99;0;0
11/05/2023 18:00;1;2;A;99;0;0
11/05/2023 18:00;1;2;A;99;0;0
11/05/2023 18:00;1;2;A;99;0;0
11/05/2023 18:00;1;2;A;99;0;0
11/05/2023 18:00;1;2;A;99;0;0
11/05/2023 18:00;1;2;A;99;0;0
11/05/2023 18:00;1;2;A;99;0;0
11/05/2023 18:00;1;2;A;99;0;0
11/05/2023 18:00;1;2;A;99;0;0
11/05/2023 18:00;1;2;A;98;0;0
11/05/2023 18:01;1;2;A;98;0;0
11/05/2023 18:01;1;2;A;98;0;0
11/05/2023 18:01;1;2;A;98;0;0
11/05/2023 18:01;1;2;A;98;0;0
11/05/2023 18:01;1;2;A;98;0;0
11/05/2023 18:01;1;2;A;98;0;0
11/05/2023 18:01;1;2;A;98;0;0
11/05/2023 18:01;1;2;A;98;0;0
11/05/2023 18:01;1;2;A;99;0;0
11/05/2023 18:01;1;2;A;99;0;0
11/05/2023 18:01;1;2;A;99;0;0
11/05/2023 18:01;1;2;A;99;0;0
11/05/2023 18:02;1;2;A;98;0;0
11/05/2023 18:02;1;2;A;98;0;0
11/05/2023 18:02;1;2;A;98;0;0
11/05/2023 18:02;1;2;A;98;0;0
11/05/2023 18:02;1;2;A;98;0;0
11/05/2023 18:02;1;2;A;98;0;0
11/05/2023 18:02;1;2;A;98;0;0
11/05/2023 18:02;1;2;A;98;0;0
11/05/2023 18:02;1;2;A;98;0;0
11/05/2023 18:02;1;2;A;98;0;0
11/05/2023 18:02;1;2;A;98;0;0
11/05/2023 18:02;1;2;A;98;0;0
11/05/2023 18:03;1;2;A;98;0;0
11/05/2023 18:03;1;2;A;98;0;0
11/05/2023 18:03;1;2;M4;98;0;0
11/05/2023 18:03;1;2;M4;98;0;0
11/05/2023 18:03;1;2;A;98;0;0
11/05/2023 18:03;1;2;A;99;0;0
11/05/2023 18:03;1;2;A;99;0;0
11/05/2023 18:03;1;2;A;99;0;0
11/05/2023 18:03;1;2;A;99;0;0
11/05/2023 18:03;1;2;A;99;0;0
11/05/2023 18:03;1;2;A;99;0;0
11/05/2023 18:03;1;2;A;98;0;0
11/05/2023 18:04;1;2;A;98;0;0
11/05/2023 18:04;1;2;A;98;0;0
11/05/2023 18:04;1;2;A;98;0;0
11/05/2023 18:04;1;2;A;99;0;0
11/05/2023 18:04;1;2;A;99;0;0
11/05/2023 18:04;1;2;A;99;0;0
11/05/2023 18:04;1;2;A;99;0;0
11/05/2023 18:04;1;2;A;99;0;0
11/05/2023 18:04;1;2;A;99;0;0
11/05/2023 18:04;1;2;A;99;0;0
11/05/2023 18:04;1;2;A;99;0;0
11/05/2023 18:04;1;2;A;99;0;0
11/05/2023 18:05;1;2;A;99;0;0
11/05/2023 18:05;1;2;A;99;0;0
11/05/2023 18:05;1;2;A;99;0;0
11/05/2023 18:05;1;2;A;98;0;0
11/05/2023 18:05;1;2;A;98;0;0
11/05/2023 18:05;1;2;A;98;0;0
11/05/2023 18:05;1;2;A;98;0;0
11/05/2023 18:05;1;2;A;98;0;0
11/05/2023 18:05;1;2;A;98;0;0
11/05/2023 18:05;1;2;A;98;0;0
11/05/2023 18:05;1;2;A;98;0;0
11/05/2023 18:05;1;2;A;98;0;0
11/05/2023 18:06;1;2;A;99;0;0
11/05/2023 18:06;1;2;A;99;0;0
11/05/2023 18:06;1;2;A;99;0;0
11/05/2023 18:06;1;2;A;99;0;0
11/05/2023 18:06;1;2;A;99;0;0
11/05/2023 18:06;1;2;A;99;0;0
11/05/2023 18:06;1;2;A;99;0;0
11/05/2023 18:06;1;2;A;99;0;0
11/05/2023 18:06;1;2;A;99;0;0
11/05/2023 18:06;1;2;A;99;0;0
11/05/2023 18:06;1;2;A;99;0;0
11/05/2023 18:06;1;2;A;99;0;0
11/05/2023 18:07;1;2;A;99;0;0
11/05/2023 18:07;1;2;A;99;0;0
11/05/2023 18:07;1;2;A;99;0;0
11/05/2023 18:07;1;2;A;99;0;0
11/05/2023 18:07;1;2;A;99;0;0
11/05/2023 18:07;1;2;A;98;0;0
11/05/2023 18:07;1;2;A;98;0;0
11/05/2023 18:07;1;2;A;98;0;0
11/05/2023 18:07;1;2;A;98;0;0
11/05/2023 18:07;1;2;A;98;0;0
11/05/2023 18:07;1;2;A;98;0;0
11/05/2023 18:07;1;2;A;98;0;0
11/05/2023 18:08;1;2;A;98;0;0
11/05/2023 18:08;1;2;A;98;0;0
11/05/2023 18:08;1;2;A;98;0;0
11/05/2023 18:08;1;2;A;99;0;0
11/05/2023 18:08;1;2;A;99;0;0
11/05/2023 18:08;1;2;A;99;0;0
11/05/2023 18:08;1;2;A;99;0;0
11/05/2023 18:08;1;2;A;99;0;0
11/05/2023 18:08;1;2;A;99;0;0
11/05/2023 18:08;1;2;A;98;0;0
11/05/2023 18:08;1;2;A;98;0;0
11/05/2023 18:08;1;2;A;99;0;0
11/05/2023 18:09;1;2;A;99;0;0
11/05/2023 18:09;1;2;A;98;0;0
11/05/2023 18:09;1;2;A;98;0;0
11/05/2023 18:09;1;2;A;99;0;0
11/05/2023 18:09;1;2;M5;99;0;0
11/05/2023 18:09;1;2;M5;99;0;0
11/05/2023 18:09;1;2;A;99;0;0
11/05/2023 18:09;1;2;A;99;0;0
11/05/2023 18:09;1;2;A;99;0;0
11/05/2023 18:09;1;2;A;99;0;0
11/05/2023 18:09;1;2;A;99;0;0
11/05/2023 18:09;1;2;A;99;0;0
11/05/2023 18:10;1;2;A;99;0;0
11/05/2023 18:10;1;2;A;99;0;0
11/05/2023 18:10;1;2;A;99;0;0
11/05/2023 18:10;1;2;A;99;0;0
11/05/2023 18:10;1;2;A;99;0;0
11/05/2023 18:10;1;2;A;99;0;0
11/05/2023 18:10;1;2;A;100;0;0
11/05/2023 18:10;1;2;A;100;0;0
11/05/2023 18:10;1;2;A;99;0;0
11/05/2023 18:10;1;2;A;99;0;0
11/05/2023 18:10;1;2;A;99;0;0
11/05/2023 18:10;1;2;A;99;0;0
11/05/2023 18:11;1;2;A;98;0;0
11/05/2023 18:11;1;2;A;98;0;0
11/05/2023 18:11;1;2;A;98;0;0
11/05/2023 18:11;1;2;A;98;0;0
11/05/2023 18:11;1;2;A;98;0;0
11/05/2023 18:11;1;2;A;98;0;0
11/05/2023 18:11;1;2;A;98;0;0
11/05/2023 18:11;1;2;A;99;0;0
11/05/2023 18:11;1;2;A;99;0;0
11/05/2023 18:11;1;2;A;99;0;0
11/05/2023 18:11;1;2;A;99;0;0
11/05/2023 18:11;1;2;A;99;0;0
11/05/2023 18:12;1;2;A;99;0;0
11/05/2023 18:12;1;2;A;99;0;0
11/05/2023 18:12;1;2;A;99;0;0
11/05/2023 18:12;1;2;A;99;0;0
11/05/2023 18:12;1;2;A;99;0;0
11/05/2023 18:12;1;2;A;99;0;0
11/05/2023 18:12;1;2;A;99;0;0
11/05/2023 18:12;1;2;A;99;0;0
11/05/2023 18:12;1;2;A;99;0;0
11/05/2023 18:12;1;2;A;99;0;0
11/05/2023 18:12;1;2;A;99;0;0
11/05/2023 18:12;1;2;A;99;0;0
11/05/2023 18:13;1;2;A;99;0;0
11/05/2023 18:13;1;2;A;99;0;0
11/05/2023 18:13;1;2;A;99;0;0
11/05/2023 18:13;1;2;A;99;0;0
11/05/2023 18:13;1;2;A;99;0;0
11/05/2023 18:13;1;2;A;99;0;0
11/05/2023 18:13;1;2;A;99;0;0
11/05/2023 18:13;1;2;A;99;0;0
11/05/2023 18:13;1;2;A;99;0;0
11/05/2023 18:13;1;2;A;99;0;0
11/05/2023 18:13;1;2;A;99;0;0
11/05/2023 18:13;1;2;A;99;0;0
11/05/2023 18:14;1;2;A;99;0;0
11/05/2023 18:14;1;2;A;99;0;0
11/05/2023 18:14;1;2;A;99;0;0
11/05/2023 18:14;1;2;A;99;0;0
11/05/2023 18:14;1;2;A;98;0;0
11/05/2023 18:14;1;2;A;98;0;0
11/05/2023 18:14;1;2;A;98;0;0
11/05/2023 18:14;1;2;A;98;0;0
11/05/2023 18:14;1;2;A;98;0;0
11/05/2023 18:14;1;2;A;98;0;0
11/05/2023 18:14;1;2;A;98;0;0
11/05/2023 18:14;1;2;A;98;0;0
11/05/2023 18:15;1;2;A;98;0;0
11/05/2023 18:15;1;2;A;98;0;0
11/05/2023 18:15;1;2;A;98;0;0
11/05/2023 18:15;1;2;A;98;0;0
11/05/2023 18:15;1;2;A;98;0;0
11/05/2023 18:15;1;2;A;98;0;0
11/05/2023 18:15;1;3;S;98;0;0
11/05/2023 18:15;1;3;S;98;0;0
11/05/2023 18:15;1;3;S;98;0;0
11/05/2023 18:15;1;3;S;99;0;0
11/05/2023 18:15;1;3;S;99;0;0
11/05/2023 18:15;1;3;S;69;0;0
11/05/2023 18:16;1;3;S;69;0;0
11/05/2023 18:16;1;3;S;39;0;0
11/05/2023 18:16;1;3;S;39;0;0
11/05/2023 18:16;1;3;S;10;0;0
11/05/2023 18:16;1;3;S;10;0;0
11/05/2023 18:16;1;3;S;0;0;0
11/05/2023 18:16;1;3;S;0;0;0
11/05/2023 18:16;1;3;S;0;0;0
11/05/2023 18:16;1;3;S;0;0;0
11/05/2023 18:16;1;3;S;0;0;0
11/05/2023 18:16;1;3;S;0;0;0
11/05/2023 18:16;1;3;S;0;0;0
11/05/2023 18:17;1;3;S;0;0;0
11/05/2023 18:17;1;3;S;0;0;0
11/05/2023 18:17;1;3;S;0;0;0
11/05/2023 18:17;1;3;S;0;0;0
11/05/2023 18:17;1;3;S;0;0;0
11/05/2023 18:17;1;3;S;0;0;0
11/05/2023 18:17;1;3;S;0;0;0
11/05/2023 18:17;1;3;S;0;0;0
11/05/2023 18:17;1;3;S;0;0;0
11/05/2023 18:17;1;3;S;0;0;0
11/05/2023 18:17;1;3;S;0;0;0
11/05/2023 18:17;1;3;S;0;0;0
11/05/2023 18:18;1;3;S;0;0;0
11/05/2023 18:18;1;3;S;0;0;0
11/05/2023 18:18;1;3;S;0;0;0
11/05/2023 18:18;1;3;S;0;0;0
11/05/2023 18:18;1;3;S;0;0;0
11/05/2023 18:18;1;3;S;0;0;0
11/05/2023 18:18;1;3;S;0;0;0
11/05/2023 18:18;1;3;S;0;0;0
11/05/2023 18:18;1;3;S;0;0;0
11/05/2023 18:18;1;3;S;0;0;0
11/05/2023 18:18;1;3;S;0;0;0
11/05/2023 18:18;1;3;S;0;0;0
11/05/2023 18:19;1;3;S;0;0;0
11/05/2023 18:19;1;3;S;0;0;0
11/05/2023 18:19;1;3;S;0;0;0
11/05/2023 18:19;1;3;S;0;0;0
11/05/2023 18:19;1;3;S;0;0;0
11/05/2023 18:19;1;3;S;0;0;0
11/05/2023 18:19;1;3;S;0;0;0
11/05/2023 18:19;1;3;S;0;0;0
11/05/2023 18:19;1;3;S;0;0;0
11/05/2023 18:19;1;3;S;0;0;0
11/05/2023 18:19;1;3;S;0;0;0
11/05/2023 18:19;1;3;S;0;0;0
11/05/2023 18:20;1;3;S;0;0;0
11/05/2023 18:20;1;3;S;0;0;0
11/05/2023 18:20;1;3;S;0;0;0
11/05/2023 18:20;1;3;S;0;0;0
11/05/2023 18:20;1;3;S;0;0;0
11/05/2023 18:20;1;3;S;0;0;0
11/05/2023 18:20;1;3;S;0;0;0
11/05/2023 18:20;1;3;S;0;0;0
11/05/2023 18:20;1;3;S;0;0;0
11/05/2023 18:20;1;3;S;0;0;0
11/05/2023 18:20;1;3;S;0;0;0
11/05/2023 18:20;1;3;S;0;0;0
11/05/2023 18:21;1;3;S;0;0;0
11/05/2023 18:21;1;3;S;0;0;0
11/05/2023 18:21;1;3;S;0;0;0
11/05/2023 18:21;1;3;S;0;0;0
11/05/2023 18:21;1;3;S;1;0;0
11/05/2023 18:21;1;3;S;1;0;0
11/05/2023 18:21;1;3;S;1;0;0
11/05/2023 18:21;1;3;S;1;0;0
11/05/2023 18:21;1;3;S;0;0;0
11/05/2023 18:21;1;3;S;0;0;0
11/05/2023 18:21;1;3;S;0;0;0
11/05/2023 18:21;1;3;S;0;0;0
11/05/2023 18:22;1;3;S;0;0;0
11/05/2023 18:22;1;3;S;0;0;0
11/05/2023 18:22;1;3;S;0;0;0
11/05/2023 18:22;1;3;S;0;0;0
11/05/2023 18:22;1;3;S;0;0;0
11/05/2023 18:22;1;3;S;0;0;0
11/05/2023 18:22;1;3;S;0;0;0
11/05/2023 18:22;1;3;S;0;0;0
11/05/2023 18:22;1;3;S;0;0;0
11/05/2023 18:22;1;3;S;0;0;0
11/05/2023 18:22;1;3;S;0;0;0
11/05/2023 18:22;1;3;S;0;0;0
11/05/2023 18:23;1;3;S;0;0;0
11/05/2023 18:23;1;3;S;0;0;0
11/05/2023 18:23;1;3;S;0;0;0
11/05/2023 18:23;1;3;S;1;0;0
11/05/2023 18:23;1;3;S;1;0;0
11/05/2023 18:23;1;3;S;0;0;0
11/05/2023 18:23;1;3;S;0;0;0
11/05/2023 18:23;1;3;S;0;0;0
11/05/2023 18:23;1;3;S;0;0;0
11/05/2023 18:23;1;3;S;0;0;0
11/05/2023 18:23;1;3;S;0;0;0
11/05/2023 18:23;1;3;S;0;0;0
11/05/2023 18:24;1;3;S;0;0;0
11/05/2023 18:24;1;3;S;0;0;0
11/05/2023 18:24;1;3;S;0;0;0
11/05/2023 18:24;1;3;S;0;0;0
11/05/2023 18:24;1;3;S;0;0;0
11/05/2023 18:24;1;3;S;0;0;0
11/05/2023 18:24;1;3;S;0;0;0
11/05/2023 18:24;1;3;S;0;0;0
11/05/2023 18:24;1;3;S;0;0;0
11/05/2023 18:24;1;3;S;0;0;0
11/05/2023 18:24;1;3;S;0;0;0
11/05/2023 18:24;1;3;S;0;0;0
11/05/2023 18:25;1;3;S;0;0;0
11/05/2023 18:25;1;3;S;0;0;0
11/05/2023 18:25;1;3;S;0;0;0
11/05/2023 18:25;1;3;S;0;0;0
11/05/2023 18:25;1;3;S;0;0;0
11/05/2023 18:25;1;3;S;0;0;0
11/05/2023 18:25;1;3;M1;0;0;0
11/05/2023 18:25;1;3;M1;0;0;0
11/05/2023 18:25;1;3;A;0;0;0
11/05/2023 18:25;1;3;A;0;0;0
11/05/2023 18:25;1;3;A;0;0;0
11/05/2023 18:25;1;3;A;0;0;0
11/05/2023 18:26;1;3;A;0;0;0
11/05/2023 18:26;1;3;A;0;0;0
11/05/2023 18:26;1;3;A;0;0;0
11/05/2023 18:26;1;3;A;0;0;0
11/05/2023 18:26;1;3;A;0;0;0
11/05/2023 18:26;1;3;A;0;0;0
11/05/2023 18:26;1;3;A;0;0;0
11/05/2023 18:26;1;3;A;0;0;0
11/05/2023 18:26;1;3;A;0;0;0
11/05/2023 18:26;1;3;A;0;0;0
11/05/2023 18:26;1;3;A;0;0;0
11/05/2023 18:26;1;3;A;0;0;0
11/05/2023 18:27;1;3;A;0;0;0
11/05/2023 18:27;1;3;A;0;0;0
11/05/2023 18:27;1;3;A;0;0;0
11/05/2023 18:27;1;3;A;1;0;0
11/05/2023 18:27;1;3;A;1;0;0
11/05/2023 18:27;1;3;A;0;0;0
11/05/2023 18:27;1;3;A;0;0;0
11/05/2023 18:27;1;3;A;0;0;0
11/05/2023 18:27;1;3;A;0;0;0
11/05/2023 18:27;1;3;A;0;0;0
11/05/2023 18:27;1;3;A;0;0;0
11/05/2023 18:27;1;3;A;0;0;0
11/05/2023 18:28;1;3;A;0;0;0
11/05/2023 18:28;1;3;A;0;0;0
11/05/2023 18:28;1;3;A;0;0;0
11/05/2023 18:28;1;3;A;0;0;0
11/05/2023 18:28;1;3;A;0;0;0
11/05/2023 18:28;1;3;A;0;0;0
11/05/2023 18:28;1;3;A;0;0;0
11/05/2023 18:28;1;3;A;0;0;0
11/05/2023 18:28;1;3;A;0;0;0
11/05/2023 18:28;1;3;A;0;0;0
11/05/2023 18:28;1;3;A;0;0;0
11/05/2023 18:28;1;3;A;0;0;0
11/05/2023 18:29;1;3;A;0;0;0
11/05/2023 18:29;1;3;A;0;0;0
11/05/2023 18:29;1;3;A;0;0;0
11/05/2023 18:29;1;3;A;0;0;0
11/05/2023 18:29;1;3;A;0;0;0
11/05/2023 18:29;1;3;A;0;0;0
11/05/2023 18:29;1;3;A;0;0;0
11/05/2023 18:29;1;3;A;0;0;0
11/05/2023 18:29;1;3;A;0;0;0
11/05/2023 18:29;1;3;A;0;0;0
11/05/2023 18:29;1;3;A;0;0;0
11/05/2023 18:29;1;3;A;0;0;0
11/05/2023 18:30;1;3;A;0;0;0
11/05/2023 18:30;1;3;A;0;0;0
11/05/2023 18:30;1;3;A;0;0;0
11/05/2023 18:30;1;3;A;0;0;0
11/05/2023 18:30;1;3;A;0;0;0
11/05/2023 18:30;1;3;A;0;0;0
11/05/2023 18:30;1;3;A;0;0;0
11/05/2023 18:30;1;3;A;0;0;0
11/05/2023 18:30;1;3;A;0;0;0
11/05/2023 18:30;1;3;A;0;0;0
11/05/2023 18:30;1;3;A;0;0;0
11/05/2023 18:30;1;3;A;1;0;0
11/05/2023 18:31;1;3;A;1;0;0
11/05/2023 18:31;1;3;A;1;0;0
11/05/2023 18:31;1;3;A;1;0;0
11/05/2023 18:31;1;3;A;0;0;0
11/05/2023 18:31;1;3;A;0;0;0
11/05/2023 18:31;1;3;A;0;0;0
11/05/2023 18:31;1;3;A;0;0;0
11/05/2023 18:31;1;3;A;0;0;0
11/05/2023 18:31;1;3;M2;0;0;0
11/05/2023 18:31;1;3;M2;0;0;0
11/05/2023 18:31;1;3;A;0;0;0
11/05/2023 18:31;1;3;A;0;0;0
11/05/2023 18:32;1;3;A;0;0;0
11/05/2023 18:32;1;3;A;0;0;0
11/05/2023 18:32;1;3;A;0;0;0
11/05/2023 18:32;1;3;A;0;0;0
11/05/2023 18:32;1;3;A;0;0;0
11/05/2023 18:32;1;3;A;0;0;0
11/05/2023 18:32;1;3;A;0;0;0
11/05/2023 18:32;1;3;A;0;0;0
11/05/2023 18:32;1;3;A;0;0;0
11/05/2023 18:32;1;3;A;0;0;0
11/05/2023 18:32;1;3;A;0;0;0
11/05/2023 18:32;1;3;A;0;0;0
11/05/2023 18:33;1;3;A;0;0;0
11/05/2023 18:33;1;3;A;0;0;0
11/05/2023 18:33;1;3;A;0;0;0
11/05/2023 18:33;1;3;A;0;0;0
11/05/2023 18:33;1;3;A;0;0;0
11/05/2023 18:33;1;3;A;0;0;0
11/05/2023 18:33;1;3;A;0;0;0
11/05/2023 18:33;1;3;A;0;0;0
11/05/2023 18:33;1;3;A;0;0;0
11/05/2023 18:33;1;3;A;0;0;0
11/05/2023 18:33;1;3;A;0;0;0
11/05/2023 18:33;1;3;A;0;0;0
11/05/2023 18:34;1;3;A;0;0;0
11/05/2023 18:34;1;3;A;0;0;0
11/05/2023 18:34;1;3;A;0;0;0
11/05/2023 18:34;1;3;A;0;0;0
11/05/2023 18:34;1;3;A;0;0;0
11/05/2023 18:34;1;3;A;0;0;0
11/05/2023 18:34;1;3;A;0;0;0
11/05/2023 18:34;1;3;A;0;0;0
11/05/2023 18:34;1;3;A;0;0;0
11/05/2023 18:34;1;3;A;;NULL;NULL
11/05/2023 18:34;1;3;A;0;0;0
11/05/2023 18:34;1;3;A;0;0;0
11/05/2023 18:35;1;3;A;0;0;0
11/05/2023 18:35;1;3;A;0;0;0
11/05/2023 18:35;1;3;A;0;0;0
11/05/2023 18:35;1;3;A;0;0;0
11/05/2023 18:35;1;3;A;0;0;0
11/05/2023 18:35;1;3;A;0;0;0
11/05/2023 18:35;1;3;A;0;0;0
11/05/2023 18:35;1;3;A;0;0;0
11/05/2023 18:35;1;3;A;0;0;0
11/05/2023 18:35;1;3;A;0;0;0
11/05/2023 18:35;1;3;A;0;0;0
11/05/2023 18:35;1;3;A;0;0;0
11/05/2023 18:36;1;3;A;0;0;0
11/05/2023 18:36;1;3;A;0;0;0
11/05/2023 18:36;1;3;A;0;0;0
11/05/2023 18:36;1;3;A;0;0;0
11/05/2023 18:36;1;3;A;0;0;0
11/05/2023 18:36;1;3;A;0;0;0
11/05/2023 18:36;1;3;A;0;0;0
11/05/2023 18:36;1;3;A;0;0;0
11/05/2023 18:36;1;3;A;0;0;0
11/05/2023 18:36;1;3;A;0;0;0
11/05/2023 18:36;1;3;A;0;0;0
11/05/2023 18:36;1;3;A;0;0;0
11/05/2023 18:37;1;3;A;0;0;0
11/05/2023 18:37;1;3;A;0;0;0
11/05/2023 18:37;1;3;A;0;0;0
11/05/2023 18:37;1;3;A;0;0;0
11/05/2023 18:37;1;3;A;0;0;0
11/05/2023 18:37;1;3;A;0;0;0
11/05/2023 18:37;1;3;A;0;0;0
11/05/2023 18:37;1;3;A;0;0;0
11/05/2023 18:37;1;3;A;0;0;0
11/05/2023 18:37;1;3;A;0;0;0
11/05/2023 18:37;1;3;M3;0;0;0
11/05/2023 18:37;1;3;M3;0;0;0
11/05/2023 18:38;1;3;A;0;0;0
11/05/2023 18:38;1;3;A;0;0;0
11/05/2023 18:38;1;3;A;0;0;0
11/05/2023 18:38;1;3;A;0;0;0
11/05/2023 18:38;1;3;A;0;0;0
11/05/2023 18:38;1;3;A;0;0;0
11/05/2023 18:38;1;3;A;0;0;0
11/05/2023 18:38;1;3;A;0;0;0
11/05/2023 18:38;1;3;A;0;0;0
11/05/2023 18:38;1;3;A;0;0;0
11/05/2023 18:38;1;3;A;0;0;0
11/05/2023 18:38;1;3;A;0;0;0
11/05/2023 18:39;1;3;A;0;0;0
11/05/2023 18:39;1;3;A;0;0;0
11/05/2023 18:39;1;3;A;0;0;0
11/05/2023 18:39;1;3;A;0;0;0
11/05/2023 18:39;1;3;A;0;0;0
11/05/2023 18:39;1;3;A;1;0;0
11/05/2023 18:39;1;3;A;1;0;0
11/05/2023 18:39;1;3;A;0;0;0
11/05/2023 18:39;1;3;A;0;0;0
11/05/2023 18:39;1;3;A;0;0;0
11/05/2023 18:39;1;3;A;0;0;0
11/05/2023 18:39;1;3;A;0;0;0
11/05/2023 18:40;1;3;A;0;0;0
11/05/2023 18:40;1;3;A;0;0;0
11/05/2023 18:40;1;3;A;0;0;0
11/05/2023 18:40;1;3;A;0;0;0
11/05/2023 18:40;1;3;A;0;0;0
11/05/2023 18:40;1;3;A;0;0;0
11/05/2023 18:40;1;3;A;0;0;0
11/05/2023 18:40;1;3;A;0;0;0
11/05/2023 18:40;1;3;A;0;0;0
11/05/2023 18:40;1;3;A;0;0;0
11/05/2023 18:40;1;3;A;0;0;0
11/05/2023 18:40;1;3;A;0;0;0
11/05/2023 18:41;1;3;A;0;0;0
11/05/2023 18:41;1;3;A;0;0;0
11/05/2023 18:41;1;3;A;1;0;0
11/05/2023 18:41;1;3;A;1;0;0
11/05/2023 18:41;1;3;A;1;0;0
11/05/2023 18:41;1;3;A;1;0;0
11/05/2023 18:41;1;3;A;0;0;0
11/05/2023 18:41;1;3;A;0;0;0
11/05/2023 18:41;1;3;A;0;0;0
11/05/2023 18:41;1;3;A;0;0;0
11/05/2023 18:41;1;3;A;0;0;0
11/05/2023 18:41;1;3;A;0;0;0
11/05/2023 18:42;1;3;A;0;0;0
11/05/2023 18:42;1;3;A;0;0;0
11/05/2023 18:42;1;3;A;0;0;0
11/05/2023 18:42;1;3;A;0;0;0
11/05/2023 18:42;1;3;A;0;0;0
11/05/2023 18:42;1;3;A;0;0;0
11/05/2023 18:42;1;3;A;0;0;0
11/05/2023 18:42;1;3;A;0;0;0
11/05/2023 18:42;1;3;A;0;0;0
11/05/2023 18:42;1;3;A;0;0;0
11/05/2023 18:42;1;3;A;0;0;0
11/05/2023 18:42;1;3;A;0;0;0
11/05/2023 18:43;1;3;A;0;0;0
11/05/2023 18:43;1;3;A;0;0;0
11/05/2023 18:43;1;3;A;0;0;0
11/05/2023 18:43;1;3;A;0;0;0
11/05/2023 18:43;1;3;A;0;0;0
11/05/2023 18:43;1;3;A;0;0;0
11/05/2023 18:43;1;3;A;0;0;0
11/05/2023 18:43;1;3;A;0;0;0
11/05/2023 18:43;1;3;A;0;0;0
11/05/2023 18:43;1;3;A;0;0;0
11/05/2023 18:43;1;3;A;0;0;0
11/05/2023 18:43;1;3;A;0;0;0
11/05/2023 18:44;1;3;M4;0;0;0
11/05/2023 18:44;1;3;M4;0;0;0
11/05/2023 18:44;1;3;A;0;0;0
11/05/2023 18:44;1;3;A;0;0;0
11/05/2023 18:44;1;3;A;0;0;0
11/05/2023 18:44;1;3;A;0;0;0
11/05/2023 18:44;1;3;A;0;0;0
11/05/2023 18:44;1;3;A;-2;0;0
11/05/2023 18:44;1;3;A;-2;0;0
11/05/2023 18:44;1;3;A;-2;0;0
11/05/2023 18:44;1;3;A;-2;0;0
11/05/2023 18:44;1;3;A;-2;0;0
11/05/2023 18:45;1;3;A;0;0;0
11/05/2023 18:45;1;3;A;0;0;0
11/05/2023 18:45;1;3;A;0;0;0
11/05/2023 18:45;1;3;A;0;0;0
11/05/2023 18:45;1;3;A;0;0;0
11/05/2023 18:45;1;3;A;0;0;0
11/05/2023 18:45;1;3;A;0;0;0
11/05/2023 18:45;1;3;A;0;0;0
11/05/2023 18:45;1;3;A;0;0;0
11/05/2023 18:45;1;3;A;0;0;0
11/05/2023 18:45;1;3;A;0;0;0
11/05/2023 18:45;1;3;A;0;0;0
11/05/2023 18:46;1;3;A;0;0;0
11/05/2023 18:46;1;3;A;0;0;0
11/05/2023 18:46;1;3;A;0;0;0
11/05/2023 18:46;1;3;A;0;0;0
11/05/2023 18:46;1;3;A;0;0;0
11/05/2023 18:46;1;3;A;0;0;0
11/05/2023 18:46;1;3;A;0;0;0
11/05/2023 18:46;1;3;A;0;0;0
11/05/2023 18:46;1;3;A;0;0;0
11/05/2023 18:46;1;3;A;0;0;0
11/05/2023 18:46;1;3;A;0;0;0
11/05/2023 18:46;1;3;A;0;0;0
11/05/2023 18:47;1;3;A;0;0;0
11/05/2023 18:47;1;3;A;0;0;0
11/05/2023 18:47;1;3;A;0;0;0
11/05/2023 18:47;1;3;A;0;0;0
11/05/2023 18:47;1;3;A;0;0;0
11/05/2023 18:47;1;3;A;0;0;0
11/05/2023 18:47;1;3;A;0;0;0
11/05/2023 18:47;1;3;A;0;0;0
11/05/2023 18:47;1;3;A;0;0;0
11/05/2023 18:47;1;3;A;0;0;0
11/05/2023 18:47;1;3;A;0;0;0
11/05/2023 18:47;1;3;A;0;0;0
11/05/2023 18:48;1;3;A;0;0;0
11/05/2023 18:48;1;3;A;0;0;0
11/05/2023 18:48;1;3;A;0;0;0
11/05/2023 18:48;1;3;A;0;0;0
11/05/2023 18:48;1;3;A;0;0;0
11/05/2023 18:48;1;3;A;0;0;0
11/05/2023 18:48;1;3;A;0;0;0
11/05/2023 18:48;1;3;A;0;0;0
11/05/2023 18:48;1;3;A;0;0;0
11/05/2023 18:48;1;3;A;0;0;0
11/05/2023 18:48;1;3;A;0;0;0
11/05/2023 18:48;1;3;A;0;0;0
11/05/2023 18:49;1;3;A;0;0;0
11/05/2023 18:49;1;3;A;0;0;0
11/05/2023 18:49;1;3;A;0;0;0
11/05/2023 18:49;1;3;A;0;0;0
11/05/2023 18:49;1;3;A;0;0;0
11/05/2023 18:49;1;3;A;0;0;0
11/05/2023 18:49;1;3;A;0;0;0
11/05/2023 18:49;1;3;A;0;0;0
11/05/2023 18:49;1;3;A;0;0;0
11/05/2023 18:49;1;3;A;0;0;0
11/05/2023 18:49;1;3;A;0;0;0
11/05/2023 18:49;1;3;A;0;0;0
11/05/2023 18:50;1;3;A;0;0;0
11/05/2023 18:50;1;3;A;0;0;0
11/05/2023 18:50;1;3;M5;0;0;0
11/05/2023 18:50;1;3;M5;0;0;0
11/05/2023 18:50;1;3;A;0;0;0
11/05/2023 18:50;1;3;A;0;0;0
11/05/2023 18:50;1;3;A;0;0;0
11/05/2023 18:50;1;3;A;0;0;0
11/05/2023 18:50;1;3;A;0;0;0
11/05/2023 18:50;1;3;A;0;0;0
11/05/2023 18:50;1;3;A;0;0;0
11/05/2023 18:50;1;3;A;0;0;0
11/05/2023 18:51;1;3;A;0;0;0
11/05/2023 18:51;1;3;A;0;0;0
11/05/2023 18:51;1;3;A;0;0;0
11/05/2023 18:51;1;3;A;0;0;0
11/05/2023 18:51;1;3;A;0;0;0
11/05/2023 18:51;1;3;A;0;0;0
11/05/2023 18:51;1;3;A;0;0;0
11/05/2023 18:51;1;3;A;0;0;0
11/05/2023 18:51;1;3;A;0;0;0
11/05/2023 18:51;1;3;A;0;0;0
11/05/2023 18:51;1;3;A;0;0;0
11/05/2023 18:51;1;3;A;0;0;0
11/05/2023 18:52;1;3;A;0;0;0
11/05/2023 18:52;1;3;A;1;0;0
11/05/2023 18:52;1;3;A;1;0;0
11/05/2023 18:52;1;3;A;0;0;0
11/05/2023 18:52;1;3;A;0;0;0
11/05/2023 18:52;1;3;A;0;0;0
11/05/2023 18:52;1;3;A;0;0;0
11/05/2023 18:52;1;3;A;0;0;0
11/05/2023 18:52;1;3;A;0;0;0
11/05/2023 18:52;1;3;A;0;0;0
11/05/2023 18:52;1;3;A;0;0;0
11/05/2023 18:52;1;3;A;0;0;0
11/05/2023 18:53;1;3;A;0;0;0
11/05/2023 18:53;1;3;A;0;0;0
11/05/2023 18:53;1;3;A;0;0;0
11/05/2023 18:53;1;3;A;0;0;0
11/05/2023 18:53;1;3;A;0;0;0
11/05/2023 18:53;1;3;A;0;0;0
11/05/2023 18:53;1;3;A;0;0;0
11/05/2023 18:53;1;3;A;0;0;0
11/05/2023 18:53;1;3;A;0;0;0
11/05/2023 18:53;1;3;A;0;0;0
11/05/2023 18:53;1;3;A;0;0;0
11/05/2023 18:53;1;3;A;0;0;0
11/05/2023 18:54;1;3;A;1;0;0
11/05/2023 18:54;1;3;A;1;0;0
11/05/2023 18:54;1;3;A;0;0;0
11/05/2023 18:54;1;3;A;0;0;0
11/05/2023 18:54;1;3;A;0;0;0
11/05/2023 18:54;1;3;A;0;0;0
11/05/2023 18:54;1;3;A;1;0;0
11/05/2023 18:54;1;3;A;1;0;0
11/05/2023 18:54;1;3;A;0;0;0
11/05/2023 18:54;1;3;A;0;0;0
11/05/2023 18:54;1;3;A;0;0;0
11/05/2023 18:54;1;3;A;0;0;0
11/05/2023 18:55;1;3;A;0;0;0
11/05/2023 18:55;1;3;A;0;0;0
11/05/2023 18:55;1;3;A;0;0;0
11/05/2023 18:55;1;3;A;0;0;0
11/05/2023 18:55;1;3;A;0;0;0
11/05/2023 18:55;1;3;A;0;0;0
11/05/2023 18:55;1;3;A;0;0;0
11/05/2023 18:55;1;3;A;0;0;0
11/05/2023 18:55;1;3;A;0;0;0
11/05/2023 18:55;1;3;A;0;0;0
11/05/2023 18:55;1;3;A;0;0;0
11/05/2023 18:55;1;3;A;0;0;0
11/05/2023 18:56;1;3;A;0;0;0
11/05/2023 18:56;1;3;A;0;0;0
11/05/2023 18:56;1;3;A;0;0;0
11/05/2023 18:56;1;3;A;0;0;0
11/05/2023 18:56;1;4;S;0;0;0
11/05/2023 18:56;1;4;S;0;0;0
11/05/2023 18:56;1;4;S;0;0;0
11/05/2023 18:56;1;4;S;0;0;0
11/05/2023 18:56;1;4;S;17;0;0
11/05/2023 18:56;1;4;S;17;0;0
11/05/2023 18:56;1;4;S;47;0;0
11/05/2023 18:57;1;4;S;47;0;0
11/05/2023 18:57;1;4;S;86;0;0
11/05/2023 18:57;1;4;S;86;0;0
11/05/2023 18:57;1;4;S;117;0;0
11/05/2023 18:57;1;4;S;117;0;0
11/05/2023 18:57;1;4;S;136;0;0
11/05/2023 18:57;1;4;S;136;0;0
11/05/2023 18:57;1;4;S;145;0;0
11/05/2023 18:57;1;4;S;145;0;0
11/05/2023 18:57;1;4;S;148;0;0
11/05/2023 18:57;1;4;S;148;0;0
11/05/2023 18:57;1;4;S;149;0;0
11/05/2023 18:58;1;4;S;149;0;0
11/05/2023 18:58;1;4;S;148;0;0
11/05/2023 18:58;1;4;S;148;0;0
11/05/2023 18:58;1;4;S;148;0;0
11/05/2023 18:58;1;4;S;148;0;0
11/05/2023 18:58;1;4;S;148;0;0
11/05/2023 18:58;1;4;S;148;0;0
11/05/2023 18:58;1;4;S;147;0;0
11/05/2023 18:58;1;4;S;147;0;0
11/05/2023 18:58;1;4;S;147;0;0
11/05/2023 18:58;1;4;S;147;0;0
11/05/2023 18:58;1;4;S;147;0;0
11/05/2023 18:59;1;4;S;148;0;0
11/05/2023 18:59;1;4;S;148;0;0
11/05/2023 18:59;1;4;S;148;0;0
11/05/2023 18:59;1;4;S;148;0;0
11/05/2023 18:59;1;4;S;148;0;0
11/05/2023 18:59;1;4;S;148;0;0
11/05/2023 18:59;1;4;S;148;0;0
11/05/2023 18:59;1;4;S;148;0;0
11/05/2023 18:59;1;4;S;148;0;0
11/05/2023 18:59;1;4;S;148;0;0
11/05/2023 18:59;1;4;S;148;0;0
11/05/2023 18:59;1;4;S;148;0;0
11/05/2023 19:00;1;4;S;148;0;0
11/05/2023 19:00;1;4;S;148;0;0
11/05/2023 19:00;1;4;S;148;0;0
11/05/2023 19:00;1;4;S;148;0;0
11/05/2023 19:00;1;4;S;148;0;0
11/05/2023 19:00;1;4;S;149;0;0
11/05/2023 19:00;1;4;S;149;0;0
11/05/2023 19:00;1;4;S;148;0;0
11/05/2023 19:00;1;4;S;148;0;0
11/05/2023 19:00;1;4;S;148;0;0
11/05/2023 19:00;1;4;S;148;0;0
11/05/2023 19:00;1;4;S;148;0;0
11/05/2023 19:01;1;4;S;148;0;0
11/05/2023 19:01;1;4;S;147;0;0
11/05/2023 19:01;1;4;S;147;0;0
11/05/2023 19:01;1;4;S;147;0;0
11/05/2023 19:01;1;4;S;147;0;0
11/05/2023 19:01;1;4;S;147;0;0
11/05/2023 19:01;1;4;S;147;0;0
11/05/2023 19:01;1;4;S;148;0;0
11/05/2023 19:01;1;4;S;148;0;0
11/05/2023 19:01;1;4;S;149;0;0
11/05/2023 19:01;1;4;S;149;0;0
11/05/2023 19:01;1;4;S;148;0;0
11/05/2023 19:02;1;4;S;148;0;0
11/05/2023 19:02;1;4;S;148;0;0
11/05/2023 19:02;1;4;S;148;0;0
11/05/2023 19:02;1;4;S;148;0;0
11/05/2023 19:02;1;4;S;148;0;0
11/05/2023 19:02;1;4;S;148;0;0
11/05/2023 19:02;1;4;S;148;0;0
11/05/2023 19:02;1;4;S;148;0;0
11/05/2023 19:02;1;4;S;148;0;0
11/05/2023 19:02;1;4;S;148;0;0
11/05/2023 19:02;1;4;S;149;0;0
11/05/2023 19:02;1;4;S;149;0;0
11/05/2023 19:03;1;4;S;149;0;0
11/05/2023 19:03;1;4;S;149;0;0
11/05/2023 19:03;1;4;S;149;0;0
11/05/2023 19:03;1;4;S;149;0;0
11/05/2023 19:03;1;4;S;149;0;0
11/05/2023 19:03;1;4;S;149;0;0
11/05/2023 19:03;1;4;S;149;0;0
11/05/2023 19:03;1;4;S;149;0;0
11/05/2023 19:03;1;4;S;148;0;0
11/05/2023 19:03;1;4;S;148;0;0
11/05/2023 19:03;1;4;S;148;0;0
11/05/2023 19:03;1;4;S;148;0;0
11/05/2023 19:04;1;4;S;148;0;0
11/05/2023 19:04;1;4;S;148;0;0
11/05/2023 19:04;1;4;S;148;0;0
11/05/2023 19:04;1;4;S;148;0;0
11/05/2023 19:04;1;4;S;148;0;0
11/05/2023 19:04;1;4;S;148;0;0
11/05/2023 19:04;1;4;S;148;0;0
11/05/2023 19:04;1;4;S;149;0;0
11/05/2023 19:04;1;4;S;149;0;0
11/05/2023 19:04;1;4;S;148;0;0
11/05/2023 19:04;1;4;S;148;0;0
11/05/2023 19:04;1;4;S;148;0;0
11/05/2023 19:05;1;4;S;148;0;0
11/05/2023 19:05;1;4;S;148;0;0
11/05/2023 19:05;1;4;S;148;0;0
11/05/2023 19:05;1;4;S;148;0;0
11/05/2023 19:05;1;4;S;148;0;0
11/05/2023 19:05;1;4;S;148;0;0
11/05/2023 19:05;1;4;S;148;0;0
11/05/2023 19:05;1;4;S;148;0;0
11/05/2023 19:05;1;4;S;148;0;0
11/05/2023 19:05;1;4;S;148;0;0
11/05/2023 19:05;1;4;S;148;0;0
11/05/2023 19:05;1;4;S;148;0;0
11/05/2023 19:06;1;4;S;148;0;0
11/05/2023 19:06;1;4;S;148;0;0
11/05/2023 19:06;1;4;S;148;0;0
11/05/2023 19:06;1;4;S;149;0;0
11/05/2023 19:06;1;4;M1;149;0;0
11/05/2023 19:06;1;4;M1;149;0;0
11/05/2023 19:06;1;4;A;149;0;0
11/05/2023 19:06;1;4;A;149;0;0
11/05/2023 19:06;1;4;A;149;0;0
11/05/2023 19:06;1;4;A;149;0;0
11/05/2023 19:06;1;4;A;149;0;0
11/05/2023 19:06;1;4;A;149;0;0
11/05/2023 19:07;1;4;A;149;0;0
11/05/2023 19:07;1;4;A;149;0;0
11/05/2023 19:07;1;4;A;148;0;0
11/05/2023 19:07;1;4;A;148;0;0
11/05/2023 19:07;1;4;A;148;0;0
11/05/2023 19:07;1;4;A;148;0;0
11/05/2023 19:07;1;4;A;149;0;0
11/05/2023 19:07;1;4;A;149;0;0
11/05/2023 19:07;1;4;A;149;0;0
11/05/2023 19:07;1;4;A;149;0;0
11/05/2023 19:07;1;4;A;148;0;0
11/05/2023 19:07;1;4;A;148;0;0
11/05/2023 19:08;1;4;A;148;0;0
11/05/2023 19:08;1;4;A;148;0;0
11/05/2023 19:08;1;4;A;148;0;0
11/05/2023 19:08;1;4;A;148;0;0
11/05/2023 19:08;1;4;A;148;0;0
11/05/2023 19:08;1;4;A;148;0;0
11/05/2023 19:08;1;4;A;148;0;0
11/05/2023 19:08;1;4;A;148;0;0
11/05/2023 19:08;1;4;A;148;0;0
11/05/2023 19:08;1;4;A;148;0;0
11/05/2023 19:08;1;4;A;148;0;0
11/05/2023 19:08;1;4;A;148;0;0
11/05/2023 19:09;1;4;A;148;0;0
11/05/2023 19:09;1;4;A;149;0;0
11/05/2023 19:09;1;4;A;149;0;0
11/05/2023 19:09;1;4;A;149;0;0
11/05/2023 19:09;1;4;A;149;0;0
11/05/2023 19:09;1;4;A;149;0;0
11/05/2023 19:09;1;4;A;149;0;0
11/05/2023 19:09;1;4;A;148;0;0
11/05/2023 19:09;1;4;A;148;0;0
11/05/2023 19:09;1;4;A;149;0;0
11/05/2023 19:09;1;4;A;149;0;0
11/05/2023 19:09;1;4;A;149;0;0
11/05/2023 19:10;1;4;A;149;0;0
11/05/2023 19:10;1;4;A;149;0;0
11/05/2023 19:10;1;4;A;149;0;0
11/05/2023 19:10;1;4;A;148;0;0
11/05/2023 19:10;1;4;A;148;0;0
11/05/2023 19:10;1;4;A;148;0;0
11/05/2023 19:10;1;4;A;148;0;0
11/05/2023 19:10;1;4;A;148;0;0
11/05/2023 19:10;1;4;A;149;0;0
11/05/2023 19:10;1;4;A;149;0;0
11/05/2023 19:10;1;4;A;148;0;0
11/05/2023 19:10;1;4;A;148;0;0
11/05/2023 19:11;1;4;A;148;0;0
11/05/2023 19:11;1;4;A;148;0;0
11/05/2023 19:11;1;4;A;148;0;0
11/05/2023 19:11;1;4;A;148;0;0
11/05/2023 19:11;1;4;A;148;0;0
11/05/2023 19:11;1;4;A;148;0;0
11/05/2023 19:11;1;4;A;148;0;0
11/05/2023 19:11;1;4;A;148;0;0
11/05/2023 19:11;1;4;A;149;0;0
11/05/2023 19:11;1;4;A;149;0;0
11/05/2023 19:11;1;4;A;149;0;0
11/05/2023 19:11;1;4;A;149;0;0
11/05/2023 19:12;1;4;A;149;0;0
11/05/2023 19:12;1;4;A;149;0;0
11/05/2023 19:12;1;4;A;149;0;0
11/05/2023 19:12;1;4;A;149;0;0
11/05/2023 19:12;1;4;A;149;0;0
11/05/2023 19:12;1;4;A;149;0;0
11/05/2023 19:12;1;4;M2;149;0;0
11/05/2023 19:12;1;4;M2;149;0;0
11/05/2023 19:12;1;4;A;149;0;0
11/05/2023 19:12;1;4;A;149;0;0
11/05/2023 19:12;1;4;A;149;0;0
11/05/2023 19:12;1;4;A;149;0;0
11/05/2023 19:13;1;4;A;149;0;0
11/05/2023 19:13;1;4;A;148;0;0
11/05/2023 19:13;1;4;A;148;0;0
11/05/2023 19:13;1;4;A;149;0;0
11/05/2023 19:13;1;4;A;149;0;0
11/05/2023 19:13;1;4;A;148;0;0
11/05/2023 19:13;1;4;A;148;0;0
11/05/2023 19:13;1;4;A;148;0;0
11/05/2023 19:13;1;4;A;148;0;0
11/05/2023 19:13;1;4;A;148;0;0
11/05/2023 19:13;1;4;A;148;0;0
11/05/2023 19:13;1;4;A;148;0;0
11/05/2023 19:14;1;4;A;148;0;0
11/05/2023 19:14;1;4;A;148;0;0
11/05/2023 19:14;1;4;A;148;0;0
11/05/2023 19:14;1;4;A;149;0;0
11/05/2023 19:14;1;4;A;149;0;0
11/05/2023 19:14;1;4;A;149;0;0
11/05/2023 19:14;1;4;A;149;0;0
11/05/2023 19:14;1;4;A;149;0;0
11/05/2023 19:14;1;4;A;148;0;0
11/05/2023 19:14;1;4;A;148;0;0
11/05/2023 19:14;1;4;A;148;0;0
11/05/2023 19:14;1;4;A;148;0;0
11/05/2023 19:15;1;4;A;148;0;0
11/05/2023 19:15;1;4;A;148;0;0
11/05/2023 19:15;1;4;A;148;0;0
11/05/2023 19:15;1;4;A;148;0;0
11/05/2023 19:15;1;4;A;149;0;0
11/05/2023 19:15;1;4;A;149;0;0
11/05/2023 19:15;1;4;A;148;0;0
11/05/2023 19:15;1;4;A;148;0;0
11/05/2023 19:15;1;4;A;148;0;0
11/05/2023 19:15;1;4;A;148;0;0
11/05/2023 19:15;1;4;A;148;0;0
11/05/2023 19:15;1;4;A;148;0;0
11/05/2023 19:16;1;4;A;149;0;0
11/05/2023 19:16;1;4;A;149;0;0
11/05/2023 19:16;1;4;A;149;0;0
11/05/2023 19:16;1;4;A;149;0;0
11/05/2023 19:16;1;4;A;149;0;0
11/05/2023 19:16;1;4;A;149;0;0
11/05/2023 19:16;1;4;A;149;0;0
11/05/2023 19:16;1;4;A;149;0;0
11/05/2023 19:16;1;4;A;149;0;0
11/05/2023 19:16;1;4;A;149;0;0
11/05/2023 19:16;1;4;A;149;0;0
11/05/2023 19:16;1;4;A;149;0;0
11/05/2023 19:17;1;4;A;149;0;0
11/05/2023 19:17;1;4;A;149;0;0
11/05/2023 19:17;1;4;A;149;0;0
11/05/2023 19:17;1;4;A;149;0;0
11/05/2023 19:17;1;4;A;149;0;0
11/05/2023 19:17;1;4;A;148;0;0
11/05/2023 19:17;1;4;A;148;0;0
11/05/2023 19:17;1;4;A;148;0;0
11/05/2023 19:17;1;4;A;148;0;0
11/05/2023 19:17;1;4;A;148;0;0
11/05/2023 19:17;1;4;A;148;0;0
11/05/2023 19:17;1;4;A;148;0;0
11/05/2023 19:18;1;4;A;148;0;0
11/05/2023 19:18;1;4;A;148;0;0
11/05/2023 19:18;1;4;A;148;0;0
11/05/2023 19:18;1;4;A;149;0;0
11/05/2023 19:18;1;4;A;149;0;0
11/05/2023 19:18;1;4;A;149;0;0
11/05/2023 19:18;1;4;A;149;0;0
11/05/2023 19:18;1;4;A;149;0;0
11/05/2023 19:18;1;4;M3;149;0;0
11/05/2023 19:18;1;4;M3;149;0;0
11/05/2023 19:18;1;4;A;149;0;0
11/05/2023 19:18;1;4;A;149;0;0
11/05/2023 19:19;1;4;A;148;0;0
11/05/2023 19:19;1;4;A;148;0;0
11/05/2023 19:19;1;4;A;148;0;0
11/05/2023 19:19;1;4;A;148;0;0
11/05/2023 19:19;1;4;A;149;0;0
11/05/2023 19:19;1;4;A;149;0;0
11/05/2023 19:19;1;4;A;149;0;0
11/05/2023 19:19;1;4;A;149;0;0
11/05/2023 19:19;1;4;A;149;0;0
11/05/2023 19:19;1;4;A;149;0;0
11/05/2023 19:19;1;4;A;148;0;0
11/05/2023 19:19;1;4;A;148;0;0
11/05/2023 19:20;1;4;A;148;0;0
11/05/2023 19:20;1;4;A;148;0;0
11/05/2023 19:20;1;4;A;148;0;0
11/05/2023 19:20;1;4;A;148;0;0
11/05/2023 19:20;1;4;A;148;0;0
11/05/2023 19:20;1;4;A;148;0;0
11/05/2023 19:20;1;4;A;148;0;0
11/05/2023 19:20;1;4;A;148;0;0
11/05/2023 19:20;1;4;A;148;0;0
11/05/2023 19:20;1;4;A;148;0;0
11/05/2023 19:20;1;4;A;148;0;0
11/05/2023 19:20;1;4;A;148;0;0
11/05/2023 19:21;1;4;A;148;0;0
11/05/2023 19:21;1;4;A;148;0;0
11/05/2023 19:21;1;4;A;148;0;0
11/05/2023 19:21;1;4;A;148;0;0
11/05/2023 19:21;1;4;A;148;0;0
11/05/2023 19:21;1;4;A;148;0;0
11/05/2023 19:21;1;4;A;148;0;0
11/05/2023 19:21;1;4;A;149;0;0
11/05/2023 19:21;1;4;A;149;0;0
11/05/2023 19:21;1;4;A;148;0;0
11/05/2023 19:21;1;4;A;148;0;0
11/05/2023 19:21;1;4;A;148;0;0
11/05/2023 19:22;1;4;A;148;0;0
11/05/2023 19:22;1;4;A;148;0;0
11/05/2023 19:22;1;4;A;148;0;0
11/05/2023 19:22;1;4;A;148;0;0
11/05/2023 19:22;1;4;A;149;0;0
11/05/2023 19:22;1;4;A;149;0;0
11/05/2023 19:22;1;4;A;149;0;0
11/05/2023 19:22;1;4;A;149;0;0
11/05/2023 19:22;1;4;A;149;0;0
11/05/2023 19:22;1;4;A;149;0;0
11/05/2023 19:22;1;4;A;148;0;0
11/05/2023 19:22;1;4;A;148;0;0
11/05/2023 19:23;1;4;A;148;0;0
11/05/2023 19:23;1;4;A;148;0;0
11/05/2023 19:23;1;4;A;148;0;0
11/05/2023 19:23;1;4;A;148;0;0
11/05/2023 19:23;1;4;A;148;0;0
11/05/2023 19:23;1;4;A;148;0;0
11/05/2023 19:23;1;4;A;148;0;0
11/05/2023 19:23;1;4;A;148;0;0
11/05/2023 19:23;1;4;A;148;0;0
11/05/2023 19:23;1;4;A;148;0;0
11/05/2023 19:23;1;4;A;148;0;0
11/05/2023 19:23;1;4;A;148;0;0
11/05/2023 19:24;1;4;A;148;0;0
11/05/2023 19:24;1;4;A;148;0;0
11/05/2023 19:24;1;4;A;148;0;0
11/05/2023 19:24;1;4;A;148;0;0
11/05/2023 19:24;1;4;A;148;0;0
11/05/2023 19:24;1;4;A;148;0;0
11/05/2023 19:24;1;4;A;148;0;0
11/05/2023 19:24;1;4;A;148;0;0
11/05/2023 19:24;1;4;A;148;0;0
11/05/2023 19:24;1;4;A;148;0;0
11/05/2023 19:24;1;4;M4;148;0;0
11/05/2023 19:24;1;4;M4;148;0;0
11/05/2023 19:25;1;4;A;148;0;0
11/05/2023 19:25;1;4;A;148;0;0
11/05/2023 19:25;1;4;A;148;0;0
11/05/2023 19:25;1;4;A;148;0;0
11/05/2023 19:25;1;4;A;148;0;0
11/05/2023 19:25;1;4;A;148;0;0
11/05/2023 19:25;1;4;A;148;0;0
11/05/2023 19:25;1;4;A;149;0;0
11/05/2023 19:25;1;4;A;149;0;0
11/05/2023 19:25;1;4;A;148;0;0
11/05/2023 19:25;1;4;A;148;0;0
11/05/2023 19:25;1;4;A;149;0;0
11/05/2023 19:26;1;4;A;149;0;0
11/05/2023 19:26;1;4;A;148;0;0
11/05/2023 19:26;1;4;A;148;0;0
11/05/2023 19:26;1;4;A;149;0;0
11/05/2023 19:26;1;4;A;149;0;0
11/05/2023 19:26;1;4;A;149;0;0
11/05/2023 19:26;1;4;A;149;0;0
11/05/2023 19:26;1;4;A;149;0;0
11/05/2023 19:26;1;4;A;150;0;0
11/05/2023 19:26;1;4;A;150;0;0
11/05/2023 19:26;1;4;A;149;0;0
11/05/2023 19:26;1;4;A;149;0;0
11/05/2023 19:27;1;4;A;148;0;0
11/05/2023 19:27;1;4;A;148;0;0
11/05/2023 19:27;1;4;A;148;0;0
11/05/2023 19:27;1;4;A;148;0;0
11/05/2023 19:27;1;4;A;148;0;0
11/05/2023 19:27;1;4;A;148;0;0
11/05/2023 19:27;1;4;A;148;0;0
11/05/2023 19:27;1;4;A;148;0;0
11/05/2023 19:27;1;4;A;148;0;0
11/05/2023 19:27;1;4;A;148;0;0
11/05/2023 19:27;1;4;A;148;0;0
11/05/2023 19:27;1;4;A;148;0;0
11/05/2023 19:28;1;4;A;148;0;0
11/05/2023 19:28;1;4;A;148;0;0
11/05/2023 19:28;1;4;A;148;0;0
11/05/2023 19:28;1;4;A;148;0;0
11/05/2023 19:28;1;4;A;149;0;0
11/05/2023 19:28;1;4;A;149;0;0
11/05/2023 19:28;1;4;A;149;0;0
11/05/2023 19:28;1;4;A;149;0;0
11/05/2023 19:28;1;4;A;149;0;0
11/05/2023 19:28;1;4;A;149;0;0
11/05/2023 19:28;1;4;A;149;0;0
11/05/2023 19:28;1;4;A;149;0;0
11/05/2023 19:29;1;4;A;149;0;0
11/05/2023 19:29;1;4;A;149;0;0
11/05/2023 19:29;1;4;A;149;0;0
11/05/2023 19:29;1;4;A;149;0;0
11/05/2023 19:29;1;4;A;149;0;0
11/05/2023 19:29;1;4;A;148;0;0
11/05/2023 19:29;1;4;A;148;0;0
11/05/2023 19:29;1;4;A;148;0;0
11/05/2023 19:29;1;4;A;148;0;0
11/05/2023 19:29;1;4;A;148;0;0
11/05/2023 19:29;1;4;A;148;0;0
11/05/2023 19:29;1;4;A;148;0;0
11/05/2023 19:30;1;4;A;148;0;0
11/05/2023 19:30;1;4;A;148;0;0
11/05/2023 19:30;1;4;A;148;0;0
11/05/2023 19:30;1;4;A;148;0;0
11/05/2023 19:30;1;4;A;148;0;0
11/05/2023 19:30;1;4;A;148;0;0
11/05/2023 19:30;1;4;A;149;0;0
11/05/2023 19:30;1;4;A;149;0;0
11/05/2023 19:30;1;4;A;149;0;0
11/05/2023 19:30;1;4;A;149;0;0
11/05/2023 19:30;1;4;A;148;0;0
11/05/2023 19:30;1;4;A;148;0;0
11/05/2023 19:31;1;4;M5;148;0;0
11/05/2023 19:31;1;4;M5;148;0;0
11/05/2023 19:31;1;4;A;147;0;0
11/05/2023 19:31;1;4;A;147;0;0
11/05/2023 19:31;1;4;A;148;0;0
11/05/2023 19:31;1;4;A;148;0;0
11/05/2023 19:31;1;4;A;148;0;0
11/05/2023 19:31;1;4;A;148;0;0
11/05/2023 19:31;1;4;A;148;0;0
11/05/2023 19:31;1;4;A;148;0;0
11/05/2023 19:31;1;4;A;148;0;0
11/05/2023 19:31;1;4;A;148;0;0
11/05/2023 19:32;1;4;A;148;0;0
11/05/2023 19:32;1;4;A;148;0;0
11/05/2023 19:32;1;4;A;148;0;0
11/05/2023 19:32;1;4;A;148;0;0
11/05/2023 19:32;1;4;A;148;0;0
11/05/2023 19:32;1;4;A;148;0;0
11/05/2023 19:32;1;4;A;148;0;0
11/05/2023 19:32;1;4;A;148;0;0
11/05/2023 19:32;1;4;A;148;0;0
11/05/2023 19:32;1;4;A;148;0;0
11/05/2023 19:32;1;4;A;148;0;0
11/05/2023 19:32;1;4;A;148;0;0
11/05/2023 19:33;1;4;A;148;0;0
11/05/2023 19:33;1;4;A;148;0;0
11/05/2023 19:33;1;4;A;148;0;0
11/05/2023 19:33;1;4;A;148;0;0
11/05/2023 19:33;1;4;A;148;0;0
11/05/2023 19:33;1;4;A;148;0;0
11/05/2023 19:33;1;4;A;148;0;0
11/05/2023 19:33;1;4;A;149;0;0
11/05/2023 19:33;1;4;A;149;0;0
11/05/2023 19:33;1;4;A;149;0;0
11/05/2023 19:33;1;4;A;149;0;0
11/05/2023 19:33;1;4;A;149;0;0
11/05/2023 19:34;1;4;A;149;0;0
11/05/2023 19:34;1;4;A;149;0;0
11/05/2023 19:34;1;4;A;149;0;0
11/05/2023 19:34;1;4;A;149;0;0
11/05/2023 19:34;1;4;A;149;0;0
11/05/2023 19:34;1;4;A;149;0;0
11/05/2023 19:34;1;4;A;149;0;0
11/05/2023 19:34;1;4;A;149;0;0
11/05/2023 19:34;1;4;A;149;0;0
11/05/2023 19:34;1;4;A;149;0;0
11/05/2023 19:34;1;4;A;149;0;0
11/05/2023 19:34;1;4;A;149;0;0
11/05/2023 19:35;1;4;A;149;0;0
11/05/2023 19:35;1;4;A;149;0;0
11/05/2023 19:35;1;4;A;148;0;0
11/05/2023 19:35;1;4;A;148;0;0
11/05/2023 19:35;1;4;A;149;0;0
11/05/2023 19:35;1;4;A;149;0;0
11/05/2023 19:35;1;4;A;149;0;0
11/05/2023 19:35;1;4;A;149;0;0
11/05/2023 19:35;1;4;A;149;0;0
11/05/2023 19:35;1;4;A;149;0;0
11/05/2023 19:35;1;4;A;148;0;0
11/05/2023 19:35;1;4;A;148;0;0
11/05/2023 19:36;1;4;A;148;0;0
11/05/2023 19:36;1;4;A;148;0;0
11/05/2023 19:36;1;4;A;148;0;0
11/05/2023 19:36;1;4;A;148;0;0
11/05/2023 19:36;1;4;A;148;0;0
11/05/2023 19:36;1;4;A;148;0;0
11/05/2023 19:36;1;4;A;148;0;0
11/05/2023 19:36;1;4;A;148;0;0
11/05/2023 19:36;1;4;A;148;0;0
11/05/2023 19:36;1;4;A;148;0;0
11/05/2023 19:36;1;4;A;148;0;0
11/05/2023 19:36;1;4;A;148;0;0
11/05/2023 19:37;1;4;A;148;0;0
11/05/2023 19:37;1;4;A;148;0;0
11/05/2023 19:37;1;5;S;148;0;0
11/05/2023 19:37;1;5;S;148;0;0
11/05/2023 19:37;1;5;S;149;0;0
11/05/2023 19:37;1;5;S;149;0;0
11/05/2023 19:37;1;5;S;125;0;0
11/05/2023 19:37;1;5;S;125;0;0
11/05/2023 19:37;1;5;S;99;0;0
11/05/2023 19:37;1;5;S;99;0;0
11/05/2023 19:37;1;5;S;70;0;0
11/05/2023 19:38;1;5;S;70;0;0
11/05/2023 19:38;1;5;S;57;0;0
11/05/2023 19:38;1;5;S;57;0;0
11/05/2023 19:38;1;5;S;52;0;0
11/05/2023 19:38;1;5;S;52;0;0
11/05/2023 19:38;1;5;S;50;0;0
11/05/2023 19:38;1;5;S;49;0;0
11/05/2023 19:38;1;5;S;49;0;0
11/05/2023 19:38;1;5;S;48;0;0
11/05/2023 19:38;1;5;S;48;0;0
11/05/2023 19:38;1;5;S;49;0;0
11/05/2023 19:38;1;5;S;49;0;0
11/05/2023 19:39;1;5;S;49;0;0
11/05/2023 19:39;1;5;S;49;0;0
11/05/2023 19:39;1;5;S;49;0;0
11/05/2023 19:39;1;5;S;49;0;0
11/05/2023 19:39;1;5;S;49;0;0
11/05/2023 19:39;1;5;S;49;0;0
11/05/2023 19:39;1;5;S;49;0;0
11/05/2023 19:39;1;5;S;49;0;0
11/05/2023 19:39;1;5;S;50;0;0
11/05/2023 19:39;1;5;S;50;0;0
11/05/2023 19:39;1;5;S;49;0;0
11/05/2023 19:39;1;5;S;49;0;0
11/05/2023 19:40;1;5;S;50;0;0
11/05/2023 19:40;1;5;S;50;0;0
11/05/2023 19:40;1;5;S;50;0;0
11/05/2023 19:40;1;5;S;50;0;0
11/05/2023 19:40;1;5;S;50;0;0
11/05/2023 19:40;1;5;S;50;0;0
11/05/2023 19:40;1;5;S;49;0;0
11/05/2023 19:40;1;5;S;49;0;0
11/05/2023 19:40;1;5;S;49;0;0
11/05/2023 19:40;1;5;S;50;0;0
11/05/2023 19:40;1;5;S;50;0;0
11/05/2023 19:40;1;5;S;50;0;0
11/05/2023 19:41;1;5;S;50;0;0
11/05/2023 19:41;1;5;S;50;0;0
11/05/2023 19:41;1;5;S;50;0;0
11/05/2023 19:41;1;5;S;50;0;0
11/05/2023 19:41;1;5;S;50;0;0
11/05/2023 19:41;1;5;S;49;0;0
11/05/2023 19:41;1;5;S;49;0;0
11/05/2023 19:41;1;5;S;49;0;0
11/05/2023 19:41;1;5;S;49;0;0
11/05/2023 19:41;1;5;S;50;0;0
11/05/2023 19:41;1;5;S;50;0;0
11/05/2023 19:41;1;5;S;50;0;0
11/05/2023 19:42;1;5;S;50;0;0
11/05/2023 19:42;1;5;S;51;0;0
11/05/2023 19:42;1;5;S;51;0;0
11/05/2023 19:42;1;5;S;52;0;0
11/05/2023 19:42;1;5;S;54;0;0
11/05/2023 19:42;1;5;S;54;0;0
11/05/2023 19:42;1;5;S;53;0;0
11/05/2023 19:42;1;5;S;53;0;0
11/05/2023 19:42;1;5;S;51;0;0
11/05/2023 19:42;1;5;S;51;0;0
11/05/2023 19:42;1;5;S;49;0;0
11/05/2023 19:42;1;5;S;49;0;0
11/05/2023 19:43;1;5;S;47;0;0
11/05/2023 19:43;1;5;S;47;0;0
11/05/2023 19:43;1;5;S;47;0;0
11/05/2023 19:43;1;5;S;47;0;0
11/05/2023 19:43;1;5;S;47;0;0
11/05/2023 19:43;1;5;S;47;0;0
11/05/2023 19:43;1;5;S;48;0;0
11/05/2023 19:43;1;5;S;48;0;0
11/05/2023 19:43;1;5;S;48;0;0
11/05/2023 19:43;1;5;S;48;0;0
11/05/2023 19:43;1;5;S;49;0;0
11/05/2023 19:43;1;5;S;49;0;0
11/05/2023 19:44;1;5;S;49;0;0
11/05/2023 19:44;1;5;S;49;0;0
11/05/2023 19:44;1;5;S;50;0;0
11/05/2023 19:44;1;5;S;50;0;0
11/05/2023 19:44;1;5;S;50;0;0
11/05/2023 19:44;1;5;S;50;0;0
11/05/2023 19:44;1;5;S;49;0;0
11/05/2023 19:44;1;5;S;49;0;0
11/05/2023 19:44;1;5;S;49;0;0
11/05/2023 19:44;1;5;S;49;0;0
11/05/2023 19:44;1;5;S;49;0;0
11/05/2023 19:44;1;5;S;49;0;0
11/05/2023 19:45;1;5;S;49;0;0
11/05/2023 19:45;1;5;S;49;0;0
11/05/2023 19:45;1;5;S;49;0;0
11/05/2023 19:45;1;5;S;49;0;0
11/05/2023 19:45;1;5;S;49;0;0
11/05/2023 19:45;1;5;S;49;0;0
11/05/2023 19:45;1;5;S;49;0;0
11/05/2023 19:45;1;5;S;50;0;0
11/05/2023 19:45;1;5;S;50;0;0
11/05/2023 19:45;1;5;S;50;0;0
11/05/2023 19:45;1;5;S;50;0;0
11/05/2023 19:45;1;5;S;51;0;0
11/05/2023 19:46;1;5;S;51;0;0
11/05/2023 19:46;1;5;S;50;0;0
11/05/2023 19:46;1;5;S;50;0;0
11/05/2023 19:46;1;5;S;50;0;0
11/05/2023 19:46;1;5;S;50;0;0
11/05/2023 19:46;1;5;S;50;0;0
11/05/2023 19:46;1;5;S;49;0;0
11/05/2023 19:46;1;5;S;49;0;0
11/05/2023 19:46;1;5;S;49;0;0
11/05/2023 19:46;1;5;S;49;0;0
11/05/2023 19:46;1;5;S;49;0;0
11/05/2023 19:46;1;5;S;49;0;0
11/05/2023 19:47;1;5;S;50;0;0
11/05/2023 19:47;1;5;S;50;0;0
11/05/2023 19:47;1;5;S;50;0;0
11/05/2023 19:47;1;5;M1;50;0;0
11/05/2023 19:47;1;5;M1;50;0;0
11/05/2023 19:47;1;5;A;50;0;0
11/05/2023 19:47;1;5;A;50;0;0
11/05/2023 19:47;1;5;A;50;0;0
11/05/2023 19:47;1;5;A;49;0;0
11/05/2023 19:47;1;5;A;49;0;0
11/05/2023 19:47;1;5;A;50;0;0
11/05/2023 19:47;1;5;A;50;0;0
11/05/2023 19:48;1;5;A;50;0;0
11/05/2023 19:48;1;5;A;50;0;0
11/05/2023 19:48;1;5;A;49;0;0
11/05/2023 19:48;1;5;A;49;0;0
11/05/2023 19:48;1;5;A;49;0;0
11/05/2023 19:48;1;5;A;49;0;0
11/05/2023 19:48;1;5;A;50;0;0
11/05/2023 19:48;1;5;A;49;0;0
11/05/2023 19:48;1;5;A;49;0;0
11/05/2023 19:48;1;5;A;50;0;0
11/05/2023 19:48;1;5;A;50;0;0
11/05/2023 19:48;1;5;A;50;0;0
11/05/2023 19:49;1;5;A;50;0;0
11/05/2023 19:49;1;5;A;50;0;0
11/05/2023 19:49;1;5;A;50;0;0
11/05/2023 19:49;1;5;A;50;0;0
11/05/2023 19:49;1;5;A;50;0;0
11/05/2023 19:49;1;5;A;49;0;0
11/05/2023 19:49;1;5;A;49;0;0
11/05/2023 19:49;1;5;A;50;0;0
11/05/2023 19:49;1;5;A;50;0;0
11/05/2023 19:49;1;5;A;50;0;0
11/05/2023 19:49;1;5;A;50;0;0
11/05/2023 19:49;1;5;A;50;0;0
11/05/2023 19:50;1;5;A;50;0;0
11/05/2023 19:50;1;5;A;50;0;0
11/05/2023 19:50;1;5;A;50;0;0
11/05/2023 19:50;1;5;A;50;0;0
11/05/2023 19:50;1;5;A;49;0;0
11/05/2023 19:50;1;5;A;49;0;0
11/05/2023 19:50;1;5;A;49;0;0
11/05/2023 19:50;1;5;A;49;0;0
11/05/2023 19:50;1;5;A;48;0;0
11/05/2023 19:50;1;5;A;48;0;0
11/05/2023 19:50;1;5;A;49;0;0
11/05/2023 19:50;1;5;A;49;0;0
11/05/2023 19:51;1;5;A;49;0;0
11/05/2023 19:51;1;5;A;49;0;0
11/05/2023 19:51;1;5;A;49;0;0
11/05/2023 19:51;1;5;A;49;0;0
11/05/2023 19:51;1;5;A;49;0;0
11/05/2023 19:51;1;5;A;49;0;0
11/05/2023 19:51;1;5;A;49;0;0
11/05/2023 19:51;1;5;A;49;0;0
11/05/2023 19:51;1;5;A;49;0;0
11/05/2023 19:51;1;5;A;49;0;0
11/05/2023 19:51;1;5;A;50;0;0
11/05/2023 19:51;1;5;A;50;0;0
11/05/2023 19:52;1;5;A;50;0;0
11/05/2023 19:52;1;5;A;50;0;0
11/05/2023 19:52;1;5;A;49;0;0
11/05/2023 19:52;1;5;A;49;0;0
11/05/2023 19:52;1;5;A;50;0;0
11/05/2023 19:52;1;5;A;49;0;0
11/05/2023 19:52;1;5;A;49;0;0
11/05/2023 19:52;1;5;A;50;0;0
11/05/2023 19:52;1;5;A;50;0;0
11/05/2023 19:52;1;5;A;49;0;0
11/05/2023 19:52;1;5;A;49;0;0
11/05/2023 19:52;1;5;A;50;0;0
11/05/2023 19:53;1;5;A;50;0;0
11/05/2023 19:53;1;5;A;50;0;0
11/05/2023 19:53;1;5;A;50;0;0
11/05/2023 19:53;1;5;A;50;0;0
11/05/2023 19:53;1;5;A;50;0;0
11/05/2023 19:53;1;5;M2;49;0;0
11/05/2023 19:53;1;5;M2;49;0;0
11/05/2023 19:53;1;5;A;49;0;0
11/05/2023 19:53;1;5;A;49;0;0
11/05/2023 19:53;1;5;A;49;0;0
11/05/2023 19:53;1;5;A;49;0;0
11/05/2023 19:53;1;5;A;49;0;0
11/05/2023 19:54;1;5;A;49;0;0
11/05/2023 19:54;1;5;A;49;0;0
11/05/2023 19:54;1;5;A;49;0;0
11/05/2023 19:54;1;5;A;50;0;0
11/05/2023 19:54;1;5;A;50;0;0
11/05/2023 19:54;1;5;A;50;0;0
11/05/2023 19:54;1;5;A;50;0;0
11/05/2023 19:54;1;5;A;50;0;0
11/05/2023 19:54;1;5;A;49;0;0
11/05/2023 19:54;1;5;A;49;0;0
11/05/2023 19:54;1;5;A;49;0;0
11/05/2023 19:54;1;5;A;49;0;0
11/05/2023 19:55;1;5;A;48;0;0
11/05/2023 19:55;1;5;A;48;0;0
11/05/2023 19:55;1;5;A;48;0;0
11/05/2023 19:55;1;5;A;48;0;0
11/05/2023 19:55;1;5;A;48;0;0
11/05/2023 19:55;1;5;A;48;0;0
11/05/2023 19:55;1;5;A;50;0;0
11/05/2023 19:55;1;5;A;50;0;0
11/05/2023 19:55;1;5;A;50;0;0
11/05/2023 19:55;1;5;A;50;0;0
11/05/2023 19:55;1;5;A;50;0;0
11/05/2023 19:55;1;5;A;50;0;0
11/05/2023 19:56;1;5;A;50;0;0
11/05/2023 19:56;1;5;A;50;0;0
11/05/2023 19:56;1;5;A;50;0;0
11/05/2023 19:56;1;5;A;50;0;0
11/05/2023 19:56;1;5;A;50;0;0
11/05/2023 19:56;1;5;A;50;0;0
11/05/2023 19:56;1;5;A;50;0;0
11/05/2023 19:56;1;5;A;50;0;0
11/05/2023 19:56;1;5;A;50;0;0
11/05/2023 19:56;1;5;A;50;0;0
11/05/2023 19:56;1;5;A;50;0;0
11/05/2023 19:56;1;5;A;50;0;0
11/05/2023 19:57;1;5;A;50;0;0
11/05/2023 19:57;1;5;A;50;0;0
11/05/2023 19:57;1;5;A;50;0;0
11/05/2023 19:57;1;5;A;49;0;0
11/05/2023 19:57;1;5;A;49;0;0
11/05/2023 19:57;1;5;A;49;0;0
11/05/2023 19:57;1;5;A;49;0;0
11/05/2023 19:57;1;5;A;49;0;0
11/05/2023 19:57;1;5;A;49;0;0
11/05/2023 19:57;1;5;A;49;0;0
11/05/2023 19:57;1;5;A;49;0;0
11/05/2023 19:57;1;5;A;49;0;0
11/05/2023 19:58;1;5;A;49;0;0
11/05/2023 19:58;1;5;A;49;0;0
11/05/2023 19:58;1;5;A;49;0;0
11/05/2023 19:58;1;5;A;49;0;0
11/05/2023 19:58;1;5;A;49;0;0
11/05/2023 19:58;1;5;A;49;0;0
11/05/2023 19:58;1;5;A;49;0;0
11/05/2023 19:58;1;5;A;49;0;0
11/05/2023 19:58;1;5;A;49;0;0
11/05/2023 19:58;1;5;A;49;0;0
11/05/2023 19:58;1;5;A;49;0;0
11/05/2023 19:58;1;5;A;49;0;0
11/05/2023 19:59;1;5;A;49;0;0
11/05/2023 19:59;1;5;A;49;0;0
11/05/2023 19:59;1;5;A;49;0;0
11/05/2023 19:59;1;5;A;49;0;0
11/05/2023 19:59;1;5;A;48;0;0
11/05/2023 19:59;1;5;A;48;0;0
11/05/2023 19:59;1;5;A;48;0;0
11/05/2023 19:59;1;5;M3;48;0;0
11/05/2023 19:59;1;5;M3;48;0;0
11/05/2023 19:59;1;5;A;48;0;0
11/05/2023 19:59;1;5;A;49;0;0
11/05/2023 19:59;1;5;A;49;0;0
11/05/2023 20:00;1;5;A;49;0;0
11/05/2023 20:00;1;5;A;49;0;0
11/05/2023 20:00;1;5;A;50;0;0
11/05/2023 20:00;1;5;A;50;0;0
11/05/2023 20:00;1;5;A;50;0;0
11/05/2023 20:00;1;5;A;50;0;0
11/05/2023 20:00;1;5;A;50;0;0
11/05/2023 20:00;1;5;A;50;0;0
11/05/2023 20:00;1;5;A;50;0;0
11/05/2023 20:00;1;5;A;49;0;0
11/05/2023 20:00;1;5;A;49;0;0
11/05/2023 20:00;1;5;A;50;0;0
11/05/2023 20:01;1;5;A;50;0;0
11/05/2023 20:01;1;5;A;49;0;0
11/05/2023 20:01;1;5;A;49;0;0
11/05/2023 20:01;1;5;A;50;0;0
11/05/2023 20:01;1;5;A;50;0;0
11/05/2023 20:01;1;5;A;49;0;0
11/05/2023 20:01;1;5;A;49;0;0
11/05/2023 20:01;1;5;A;49;0;0
11/05/2023 20:01;1;5;A;49;0;0
11/05/2023 20:01;1;5;A;49;0;0
11/05/2023 20:01;1;5;A;49;0;0
11/05/2023 20:01;1;5;A;49;0;0
11/05/2023 20:02;1;5;A;49;0;0
11/05/2023 20:02;1;5;A;49;0;0
11/05/2023 20:02;1;5;A;49;0;0
11/05/2023 20:02;1;5;A;49;0;0
11/05/2023 20:02;1;5;A;49;0;0
11/05/2023 20:02;1;5;A;49;0;0
11/05/2023 20:02;1;5;A;49;0;0
11/05/2023 20:02;1;5;A;49;0;0
11/05/2023 20:02;1;5;A;49;0;0
11/05/2023 20:02;1;5;A;49;0;0
11/05/2023 20:02;1;5;A;49;0;0
11/05/2023 20:02;1;5;A;49;0;0
11/05/2023 20:03;1;5;A;49;0;0
11/05/2023 20:03;1;5;A;49;0;0
11/05/2023 20:03;1;5;A;49;0;0
11/05/2023 20:03;1;5;A;49;0;0
11/05/2023 20:03;1;5;A;49;0;0
11/05/2023 20:03;1;5;A;49;0;0
11/05/2023 20:03;1;5;A;49;0;0
11/05/2023 20:03;1;5;A;49;0;0
11/05/2023 20:03;1;5;A;49;0;0
11/05/2023 20:03;1;5;A;49;0;0
11/05/2023 20:03;1;5;A;49;0;0
11/05/2023 20:03;1;5;A;49;0;0
11/05/2023 20:04;1;5;A;49;0;0
11/05/2023 20:04;1;5;A;49;0;0
11/05/2023 20:04;1;5;A;49;0;0
11/05/2023 20:04;1;5;A;49;0;0
11/05/2023 20:04;1;5;A;49;0;0
11/05/2023 20:04;1;5;A;49;0;0
11/05/2023 20:04;1;5;A;49;0;0
11/05/2023 20:04;1;5;A;49;0;0
11/05/2023 20:04;1;5;A;49;0;0
11/05/2023 20:04;1;5;A;49;0;0
11/05/2023 20:04;1;5;A;49;0;0
11/05/2023 20:04;1;5;A;50;0;0
11/05/2023 20:05;1;5;A;50;0;0
11/05/2023 20:05;1;5;A;50;0;0
11/05/2023 20:05;1;5;A;50;0;0
11/05/2023 20:05;1;5;A;49;0;0
11/05/2023 20:05;1;5;A;49;0;0
11/05/2023 20:05;1;5;A;49;0;0
11/05/2023 20:05;1;5;A;49;0;0
11/05/2023 20:05;1;5;A;50;0;0
11/05/2023 20:05;1;5;A;50;0;0
11/05/2023 20:05;1;5;M4;50;0;0
11/05/2023 20:05;1;5;M4;50;0;0
11/05/2023 20:05;1;5;A;49;0;0
11/05/2023 20:06;1;5;A;49;0;0
11/05/2023 20:06;1;5;A;49;0;0
11/05/2023 20:06;1;5;A;49;0;0
11/05/2023 20:06;1;5;A;49;0;0
11/05/2023 20:06;1;5;A;49;0;0
11/05/2023 20:06;1;5;A;49;0;0
11/05/2023 20:06;1;5;A;49;0;0
11/05/2023 20:06;1;5;A;49;0;0
11/05/2023 20:06;1;5;A;49;0;0
11/05/2023 20:06;1;5;A;49;0;0
11/05/2023 20:06;1;5;A;49;0;0
11/05/2023 20:06;1;5;A;49;0;0
11/05/2023 20:07;1;5;A;50;0;0
11/05/2023 20:07;1;5;A;50;0;0
11/05/2023 20:07;1;5;A;50;0;0
11/05/2023 20:07;1;5;A;50;0;0
11/05/2023 20:07;1;5;A;49;0;0
11/05/2023 20:07;1;5;A;49;0;0
11/05/2023 20:07;1;5;A;49;0;0
11/05/2023 20:07;1;5;A;49;0;0
11/05/2023 20:07;1;5;A;49;0;0
11/05/2023 20:07;1;5;A;49;0;0
11/05/2023 20:07;1;5;A;49;0;0
11/05/2023 20:07;1;5;A;49;0;0
11/05/2023 20:08;1;5;A;50;0;0
11/05/2023 20:08;1;5;A;50;0;0
11/05/2023 20:08;1;5;A;50;0;0
11/05/2023 20:08;1;5;A;50;0;0
11/05/2023 20:08;1;5;A;50;0;0
11/05/2023 20:08;1;5;A;50;0;0
11/05/2023 20:08;1;5;A;50;0;0
11/05/2023 20:08;1;5;A;50;0;0
11/05/2023 20:08;1;5;A;50;0;0
11/05/2023 20:08;1;5;A;49;0;0
11/05/2023 20:08;1;5;A;49;0;0
11/05/2023 20:08;1;5;A;49;0;0
11/05/2023 20:09;1;5;A;49;0;0
11/05/2023 20:09;1;5;A;49;0;0
11/05/2023 20:09;1;5;A;49;0;0
11/05/2023 20:09;1;5;A;48;0;0
11/05/2023 20:09;1;5;A;48;0;0
11/05/2023 20:09;1;5;A;48;0;0
11/05/2023 20:09;1;5;A;48;0;0
11/05/2023 20:09;1;5;A;49;0;0
11/05/2023 20:09;1;5;A;49;0;0
11/05/2023 20:09;1;5;A;49;0;0
11/05/2023 20:09;1;5;A;49;0;0
11/05/2023 20:09;1;5;A;50;0;0
11/05/2023 20:10;1;5;A;50;0;0
11/05/2023 20:10;1;5;A;50;0;0
11/05/2023 20:10;1;5;A;50;0;0
11/05/2023 20:10;1;5;A;50;0;0
11/05/2023 20:10;1;5;A;50;0;0
11/05/2023 20:10;1;5;A;50;0;0
11/05/2023 20:10;1;5;A;50;0;0
11/05/2023 20:10;1;5;A;50;0;0
11/05/2023 20:10;1;5;A;50;0;0
11/05/2023 20:10;1;5;A;50;0;0
11/05/2023 20:10;1;5;A;50;0;0
11/05/2023 20:10;1;5;A;50;0;0
11/05/2023 20:11;1;5;A;50;0;0
11/05/2023 20:11;1;5;A;50;0;0
11/05/2023 20:11;1;5;A;49;0;0
11/05/2023 20:11;1;5;A;49;0;0
11/05/2023 20:11;1;5;A;49;0;0
11/05/2023 20:11;1;5;A;49;0;0
11/05/2023 20:11;1;5;A;49;0;0
11/05/2023 20:11;1;5;A;49;0;0
11/05/2023 20:11;1;5;A;49;0;0
11/05/2023 20:11;1;5;A;49;0;0
11/05/2023 20:11;1;5;A;50;0;0
11/05/2023 20:11;1;5;M5;50;0;0
11/05/2023 20:12;1;5;M5;50;0;0
11/05/2023 20:12;1;5;A;50;0;0
11/05/2023 20:12;1;5;A;50;0;0
11/05/2023 20:12;1;5;A;50;0;0
11/05/2023 20:12;1;5;A;50;0;0
11/05/2023 20:12;1;5;A;50;0;0
11/05/2023 20:12;1;5;A;50;0;0
11/05/2023 20:12;1;5;A;50;0;0
11/05/2023 20:12;1;5;A;50;0;0
11/05/2023 20:12;1;5;A;50;0;0
11/05/2023 20:12;1;5;A;50;0;0
11/05/2023 20:12;1;5;A;50;0;0
11/05/2023 20:13;1;5;A;50;0;0
11/05/2023 20:13;1;5;A;50;0;0
11/05/2023 20:13;1;5;A;50;0;0
11/05/2023 20:13;1;5;A;50;0;0
11/05/2023 20:13;1;5;A;50;0;0
11/05/2023 20:13;1;5;A;49;0;0
11/05/2023 20:13;1;5;A;49;0;0
11/05/2023 20:13;1;5;A;49;0;0
11/05/2023 20:13;1;5;A;49;0;0
11/05/2023 20:13;1;5;A;50;0;0
11/05/2023 20:13;1;5;A;50;0;0
11/05/2023 20:13;1;5;A;50;0;0
11/05/2023 20:14;1;5;A;50;0;0
11/05/2023 20:14;1;5;A;50;0;0
11/05/2023 20:14;1;5;A;50;0;0
11/05/2023 20:14;1;5;A;50;0;0
11/05/2023 20:14;1;5;A;50;0;0
11/05/2023 20:14;1;5;A;50;0;0
11/05/2023 20:14;1;5;A;49;0;0
11/05/2023 20:14;1;5;A;49;0;0
11/05/2023 20:14;1;5;A;48;0;0
11/05/2023 20:14;1;5;A;48;0;0
11/05/2023 20:14;1;5;A;48;0;0
11/05/2023 20:14;1;5;A;48;0;0
11/05/2023 20:15;1;5;A;49;0;0
11/05/2023 20:15;1;5;A;49;0;0
11/05/2023 20:15;1;5;A;50;0;0
11/05/2023 20:15;1;5;A;50;0;0
11/05/2023 20:15;1;5;A;50;0;0
11/05/2023 20:15;1;5;A;50;0;0
11/05/2023 20:15;1;5;A;50;0;0
11/05/2023 20:15;1;5;A;50;0;0
11/05/2023 20:15;1;5;A;49;0;0
11/05/2023 20:15;1;5;A;49;0;0
11/05/2023 20:15;1;5;A;50;0;0
11/05/2023 20:15;1;5;A;50;0;0
11/05/2023 20:16;1;5;A;50;0;0
11/05/2023 20:16;1;5;A;50;0;0
11/05/2023 20:16;1;5;A;50;0;0
11/05/2023 20:16;1;5;A;50;0;0
11/05/2023 20:16;1;5;A;50;0;0
11/05/2023 20:16;1;5;A;50;0;0
11/05/2023 20:16;1;5;A;50;0;0
11/05/2023 20:16;1;5;A;50;0;0
11/05/2023 20:16;1;5;A;50;0;0
11/05/2023 20:16;1;5;A;49;0;0
11/05/2023 20:16;1;5;A;49;0;0
11/05/2023 20:16;1;5;A;50;0;0
11/05/2023 20:17;1;5;A;50;0;0
11/05/2023 20:17;1;5;A;50;0;0
11/05/2023 20:17;1;5;A;50;0;0
11/05/2023 20:17;1;5;A;50;0;0
11/05/2023 20:17;1;5;A;50;0;0
11/05/2023 20:17;1;5;A;50;0;0
11/05/2023 20:17;1;5;A;50;0;0
11/05/2023 20:17;1;5;A;50;0;0
11/05/2023 20:17;1;5;A;50;0;0
11/05/2023 20:17;1;5;A;50;0;0
11/05/2023 20:17;1;5;A;51;0;0
11/05/2023 20:17;1;5;A;51;0;0
11/05/2023 20:18;1;6;S;50;0;0
11/05/2023 20:18;1;6;S;50;0;0
11/05/2023 20:18;1;6;S;50;0;0
11/05/2023 20:18;1;6;S;50;0;0
11/05/2023 20:18;1;6;S;50;0;0
11/05/2023 20:18;1;6;S;94;0;0
11/05/2023 20:18;1;6;S;94;0;0
11/05/2023 20:18;1;6;S;144;0;0
11/05/2023 20:18;1;6;S;144;0;0
11/05/2023 20:18;1;6;S;199;0;0
11/05/2023 20:18;1;6;S;199;0;0
11/05/2023 20:19;1;6;S;224;0;0
11/05/2023 20:19;1;6;S;224;0;0
11/05/2023 20:19;1;6;S;232;0;0
11/05/2023 20:19;1;6;S;232;0;0
11/05/2023 20:19;1;6;S;235;0;0
11/05/2023 20:19;1;6;S;235;0;0
11/05/2023 20:19;1;6;S;238;0;0
11/05/2023 20:19;1;6;S;238;0;0
11/05/2023 20:19;1;6;S;239;0;0
11/05/2023 20:19;1;6;S;239;0;0
11/05/2023 20:19;1;6;S;239;0;0
11/05/2023 20:19;1;6;S;239;0;0
11/05/2023 20:20;1;6;S;239;0;0
11/05/2023 20:20;1;6;S;238;0;0
11/05/2023 20:20;1;6;S;238;0;0
11/05/2023 20:20;1;6;S;238;0;0
11/05/2023 20:20;1;6;S;238;0;0
11/05/2023 20:20;1;6;S;237;0;0
11/05/2023 20:20;1;6;S;237;0;0
11/05/2023 20:20;1;6;S;237;0;0
11/05/2023 20:20;1;6;S;237;0;0
11/05/2023 20:20;1;6;S;236;0;0
11/05/2023 20:20;1;6;S;236;0;0
11/05/2023 20:20;1;6;S;236;0;0
11/05/2023 20:21;1;6;S;236;0;0
11/05/2023 20:21;1;6;S;236;0;0
11/05/2023 20:21;1;6;S;236;0;0
11/05/2023 20:21;1;6;S;237;0;0
11/05/2023 20:21;1;6;S;237;0;0
11/05/2023 20:21;1;6;S;237;0;0
11/05/2023 20:21;1;6;S;237;0;0
11/05/2023 20:21;1;6;S;237;0;0
11/05/2023 20:21;1;6;S;237;0;0
11/05/2023 20:21;1;6;S;237;0;0
11/05/2023 20:21;1;6;S;237;0;0
11/05/2023 20:21;1;6;S;237;0;0
11/05/2023 20:22;1;6;S;238;0;0
11/05/2023 20:22;1;6;S;238;0;0
11/05/2023 20:22;1;6;S;239;0;0
11/05/2023 20:22;1;6;S;239;0;0
11/05/2023 20:22;1;6;S;239;0;0
11/05/2023 20:22;1;6;S;239;0;0
11/05/2023 20:22;1;6;S;239;0;0
11/05/2023 20:22;1;6;S;239;0;0
11/05/2023 20:22;1;6;S;238;0;0
11/05/2023 20:22;1;6;S;238;0;0
11/05/2023 20:22;1;6;S;238;0;0
11/05/2023 20:22;1;6;S;238;0;0
11/05/2023 20:23;1;6;S;237;0;0
11/05/2023 20:23;1;6;S;237;0;0
11/05/2023 20:23;1;6;S;237;0;0
11/05/2023 20:23;1;6;S;237;0;0
11/05/2023 20:23;1;6;S;237;0;0
11/05/2023 20:23;1;6;S;237;0;0
11/05/2023 20:23;1;6;S;237;0;0
11/05/2023 20:23;1;6;S;237;0;0
11/05/2023 20:23;1;6;S;237;0;0
11/05/2023 20:23;1;6;S;237;0;0
11/05/2023 20:23;1;6;S;237;0;0
11/05/2023 20:23;1;6;S;237;0;0
11/05/2023 20:24;1;6;S;237;0;0
11/05/2023 20:24;1;6;S;237;0;0
11/05/2023 20:24;1;6;S;237;0;0
11/05/2023 20:24;1;6;S;237;0;0
11/05/2023 20:24;1;6;S;237;0;0
11/05/2023 20:24;1;6;S;238;0;0
11/05/2023 20:24;1;6;S;238;0;0
11/05/2023 20:24;1;6;S;238;0;0
11/05/2023 20:24;1;6;S;238;0;0
11/05/2023 20:24;1;6;S;238;0;0
11/05/2023 20:24;1;6;S;238;0;0
11/05/2023 20:24;1;6;S;238;0;0
11/05/2023 20:25;1;6;S;238;0;0
11/05/2023 20:25;1;6;S;238;0;0
11/05/2023 20:25;1;6;S;238;0;0
11/05/2023 20:25;1;6;S;238;0;0
11/05/2023 20:25;1;6;S;238;0;0
11/05/2023 20:25;1;6;S;237;0;0
11/05/2023 20:25;1;6;S;237;0;0
11/05/2023 20:25;1;6;S;237;0;0
11/05/2023 20:25;1;6;S;237;0;0
11/05/2023 20:25;1;6;S;237;0;0
11/05/2023 20:25;1;6;S;238;0;0
11/05/2023 20:25;1;6;S;238;0;0
11/05/2023 20:26;1;6;S;238;0;0
11/05/2023 20:26;1;6;S;238;0;0
11/05/2023 20:26;1;6;S;238;0;0
11/05/2023 20:26;1;6;S;238;0;0
11/05/2023 20:26;1;6;S;238;0;0
11/05/2023 20:26;1;6;S;238;0;0
11/05/2023 20:26;1;6;S;238;0;0
11/05/2023 20:26;1;6;S;238;0;0
11/05/2023 20:26;1;6;S;238;0;0
11/05/2023 20:26;1;6;S;238;0;0
11/05/2023 20:26;1;6;S;238;0;0
11/05/2023 20:26;1;6;S;238;0;0
11/05/2023 20:27;1;6;S;237;0;0
11/05/2023 20:27;1;6;S;237;0;0
11/05/2023 20:27;1;6;S;237;0;0
11/05/2023 20:27;1;6;S;237;0;0
11/05/2023 20:27;1;6;S;237;0;0
11/05/2023 20:27;1;6;S;237;0;0
11/05/2023 20:27;1;6;S;237;0;0
11/05/2023 20:27;1;6;S;237;0;0
11/05/2023 20:27;1;6;S;237;0;0
11/05/2023 20:27;1;6;S;237;0;0
11/05/2023 20:27;1;6;S;237;0;0
11/05/2023 20:27;1;6;S;237;0;0
11/05/2023 20:28;1;6;S;238;0;0
11/05/2023 20:28;1;6;M1;238;0;0
11/05/2023 20:28;1;6;M1;238;0;0
11/05/2023 20:28;1;6;A;238;0;0
11/05/2023 20:28;1;6;A;238;0;0
11/05/2023 20:28;1;6;A;238;0;0
11/05/2023 20:28;1;6;A;238;0;0
11/05/2023 20:28;1;6;A;238;0;0
11/05/2023 20:28;1;6;A;238;0;0
11/05/2023 20:28;1;6;A;237;0;0
11/05/2023 20:28;1;6;A;237;0;0
11/05/2023 20:28;1;6;A;237;0;0
11/05/2023 20:29;1;6;A;237;0;0
11/05/2023 20:29;1;6;A;238;0;0
11/05/2023 20:29;1;6;A;238;0;0
11/05/2023 20:29;1;6;A;238;0;0
11/05/2023 20:29;1;6;A;238;0;0
11/05/2023 20:29;1;6;A;238;0;0
11/05/2023 20:29;1;6;A;238;0;0
11/05/2023 20:29;1;6;A;238;0;0
11/05/2023 20:29;1;6;A;238;0;0
11/05/2023 20:29;1;6;A;237;0;0
11/05/2023 20:29;1;6;A;237;0;0
11/05/2023 20:29;1;6;A;237;0;0
11/05/2023 20:30;1;6;A;237;0;0
11/05/2023 20:30;1;6;A;238;0;0
11/05/2023 20:30;1;6;A;238;0;0
11/05/2023 20:30;1;6;A;238;0;0
11/05/2023 20:30;1;6;A;238;0;0
11/05/2023 20:30;1;6;A;238;0;0
11/05/2023 20:30;1;6;A;238;0;0
11/05/2023 20:30;1;6;A;238;0;0
11/05/2023 20:30;1;6;A;238;0;0
11/05/2023 20:30;1;6;A;238;0;0
11/05/2023 20:30;1;6;A;238;0;0
11/05/2023 20:30;1;6;A;238;0;0
11/05/2023 20:31;1;6;A;238;0;0
11/05/2023 20:31;1;6;A;238;0;0
11/05/2023 20:31;1;6;A;237;0;0
11/05/2023 20:31;1;6;A;237;0;0
11/05/2023 20:31;1;6;A;237;0;0
11/05/2023 20:31;1;6;A;237;0;0
11/05/2023 20:31;1;6;A;237;0;0
11/05/2023 20:31;1;6;A;237;0;0
11/05/2023 20:31;1;6;A;238;0;0
11/05/2023 20:31;1;6;A;238;0;0
11/05/2023 20:31;1;6;A;238;0;0
11/05/2023 20:31;1;6;A;238;0;0
11/05/2023 20:32;1;6;A;238;0;0
11/05/2023 20:32;1;6;A;238;0;0
11/05/2023 20:32;1;6;A;238;0;0
11/05/2023 20:32;1;6;A;237;0;0
11/05/2023 20:32;1;6;A;237;0;0
11/05/2023 20:32;1;6;A;238;0;0
11/05/2023 20:32;1;6;A;238;0;0
11/05/2023 20:32;1;6;A;238;0;0
11/05/2023 20:32;1;6;A;238;0;0
11/05/2023 20:32;1;6;A;238;0;0
11/05/2023 20:32;1;6;A;238;0;0
11/05/2023 20:32;1;6;A;237;0;0
11/05/2023 20:33;1;6;A;237;0;0
11/05/2023 20:33;1;6;A;237;0;0
11/05/2023 20:33;1;6;A;237;0;0
11/05/2023 20:33;1;6;A;237;0;0
11/05/2023 20:33;1;6;A;237;0;0
11/05/2023 20:33;1;6;A;238;0;0
11/05/2023 20:33;1;6;A;238;0;0
11/05/2023 20:33;1;6;A;238;0;0
11/05/2023 20:33;1;6;A;238;0;0
11/05/2023 20:33;1;6;A;237;0;0
11/05/2023 20:33;1;6;A;237;0;0
11/05/2023 20:33;1;6;A;237;0;0
11/05/2023 20:34;1;6;A;237;0;0
11/05/2023 20:34;1;6;A;237;0;0
11/05/2023 20:34;1;6;A;237;0;0
11/05/2023 20:34;1;6;M2;237;0;0
11/05/2023 20:34;1;6;M2;237;0;0
11/05/2023 20:34;1;6;A;237;0;0
11/05/2023 20:34;1;6;A;238;0;0
11/05/2023 20:34;1;6;A;238;0;0
11/05/2023 20:34;1;6;A;238;0;0
11/05/2023 20:34;1;6;A;238;0;0
11/05/2023 20:34;1;6;A;238;0;0
11/05/2023 20:34;1;6;A;238;0;0
11/05/2023 20:35;1;6;A;238;0;0
11/05/2023 20:35;1;6;A;238;0;0
11/05/2023 20:35;1;6;A;237;0;0
11/05/2023 20:35;1;6;A;237;0;0
11/05/2023 20:35;1;6;A;237;0;0
11/05/2023 20:35;1;6;A;237;0;0
11/05/2023 20:35;1;6;A;237;0;0
11/05/2023 20:35;1;6;A;237;0;0
11/05/2023 20:35;1;6;A;237;0;0
11/05/2023 20:35;1;6;A;237;0;0
11/05/2023 20:35;1;6;A;237;0;0
11/05/2023 20:35;1;6;A;237;0;0
11/05/2023 20:36;1;6;A;237;0;0
11/05/2023 20:36;1;6;A;237;0;0
11/05/2023 20:36;1;6;A;237;0;0
11/05/2023 20:36;1;6;A;238;0;0
11/05/2023 20:36;1;6;A;238;0;0
11/05/2023 20:36;1;6;A;238;0;0
11/05/2023 20:36;1;6;A;238;0;0
11/05/2023 20:36;1;6;A;238;0;0
11/05/2023 20:36;1;6;A;238;0;0
11/05/2023 20:36;1;6;A;238;0;0
11/05/2023 20:36;1;6;A;238;0;0
11/05/2023 20:36;1;6;A;238;0;0
11/05/2023 20:37;1;6;A;238;0;0
11/05/2023 20:37;1;6;A;237;0;0
11/05/2023 20:37;1;6;A;237;0;0
11/05/2023 20:37;1;6;A;238;0;0
11/05/2023 20:37;1;6;A;238;0;0
11/05/2023 20:37;1;6;A;239;0;0
11/05/2023 20:37;1;6;A;239;0;0
11/05/2023 20:37;1;6;A;239;0;0
11/05/2023 20:37;1;6;A;239;0;0
11/05/2023 20:37;1;6;A;238;0;0
11/05/2023 20:37;1;6;A;237;0;0
11/05/2023 20:37;1;6;A;237;0;0
11/05/2023 20:38;1;6;A;237;0;0
11/05/2023 20:38;1;6;A;237;0;0
11/05/2023 20:38;1;6;A;237;0;0
11/05/2023 20:38;1;6;A;237;0;0
11/05/2023 20:38;1;6;A;237;0;0
11/05/2023 20:38;1;6;A;237;0;0
11/05/2023 20:38;1;6;A;237;0;0
11/05/2023 20:38;1;6;A;237;0;0
11/05/2023 20:38;1;6;A;237;0;0
11/05/2023 20:38;1;6;A;237;0;0
11/05/2023 20:38;1;6;A;237;0;0
11/05/2023 20:38;1;6;A;237;0;0
11/05/2023 20:39;1;6;A;237;0;0
11/05/2023 20:39;1;6;A;237;0;0
11/05/2023 20:39;1;6;A;237;0;0
11/05/2023 20:39;1;6;A;237;0;0
11/05/2023 20:39;1;6;A;237;0;0
11/05/2023 20:39;1;6;A;237;0;0
11/05/2023 20:39;1;6;A;237;0;0
11/05/2023 20:39;1;6;A;237;0;0
11/05/2023 20:39;1;6;A;237;0;0
11/05/2023 20:39;1;6;A;237;0;0
11/05/2023 20:39;1;6;A;237;0;0
11/05/2023 20:39;1;6;A;237;0;0
11/05/2023 20:40;1;6;A;237;0;0
11/05/2023 20:40;1;6;A;237;0;0
11/05/2023 20:40;1;6;A;237;0;0
11/05/2023 20:40;1;6;A;237;0;0
11/05/2023 20:40;1;6;A;237;0;0
11/05/2023 20:40;1;6;M3;238;0;0
11/05/2023 20:40;1;6;M3;238;0;0
11/05/2023 20:40;1;6;A;238;0;0
11/05/2023 20:40;1;6;A;238;0;0
11/05/2023 20:40;1;6;A;238;0;0
11/05/2023 20:40;1;6;A;238;0;0
11/05/2023 20:40;1;6;A;238;0;0
11/05/2023 20:41;1;6;A;238;0;0
11/05/2023 20:41;1;6;A;238;0;0
11/05/2023 20:41;1;6;A;238;0;0
11/05/2023 20:41;1;6;A;237;0;0
11/05/2023 20:41;1;6;A;237;0;0
11/05/2023 20:41;1;6;A;237;0;0
11/05/2023 20:41;1;6;A;237;0;0
11/05/2023 20:41;1;6;A;237;0;0
11/05/2023 20:41;1;6;A;237;0;0
11/05/2023 20:41;1;6;A;237;0;0
11/05/2023 20:41;1;6;A;237;0;0
11/05/2023 20:41;1;6;A;237;0;0
11/05/2023 20:42;1;6;A;237;0;0
11/05/2023 20:42;1;6;A;237;0;0
11/05/2023 20:42;1;6;A;237;0;0
11/05/2023 20:42;1;6;A;237;0;0
11/05/2023 20:42;1;6;A;237;0;0
11/05/2023 20:42;1;6;A;237;0;0
11/05/2023 20:42;1;6;A;237;0;0
11/05/2023 20:42;1;6;A;237;0;0
11/05/2023 20:42;1;6;A;238;0;0
11/05/2023 20:42;1;6;A;238;0;0
11/05/2023 20:42;1;6;A;237;0;0
11/05/2023 20:42;1;6;A;237;0;0
11/05/2023 20:43;1;6;A;237;0;0
11/05/2023 20:43;1;6;A;237;0;0
11/05/2023 20:43;1;6;A;237;0;0
11/05/2023 20:43;1;6;A;237;0;0
11/05/2023 20:43;1;6;A;237;0;0
11/05/2023 20:43;1;6;A;237;0;0
11/05/2023 20:43;1;6;A;237;0;0
11/05/2023 20:43;1;6;A;237;0;0
11/05/2023 20:43;1;6;A;237;0;0
11/05/2023 20:43;1;6;A;237;0;0
11/05/2023 20:43;1;6;A;238;0;0
11/05/2023 20:43;1;6;A;238;0;0
11/05/2023 20:44;1;6;A;238;0;0
11/05/2023 20:44;1;6;A;238;0;0
11/05/2023 20:44;1;6;A;238;0;0
11/05/2023 20:44;1;6;A;238;0;0
11/05/2023 20:44;1;6;A;238;0;0
11/05/2023 20:44;1;6;A;238;0;0
11/05/2023 20:44;1;6;A;238;0;0
11/05/2023 20:44;1;6;A;238;0;0
11/05/2023 20:44;1;6;A;238;0;0
11/05/2023 20:44;1;6;A;238;0;0
11/05/2023 20:44;1;6;A;238;0;0
11/05/2023 20:44;1;6;A;238;0;0
11/05/2023 20:45;1;6;A;238;0;0
11/05/2023 20:45;1;6;A;238;0;0
11/05/2023 20:45;1;6;A;238;0;0
11/05/2023 20:45;1;6;A;238;0;0
11/05/2023 20:45;1;6;A;238;0;0
11/05/2023 20:45;1;6;A;237;0;0
11/05/2023 20:45;1;6;A;237;0;0
11/05/2023 20:45;1;6;A;236;0;0
11/05/2023 20:45;1;6;A;236;0;0
11/05/2023 20:45;1;6;A;236;0;0
11/05/2023 20:45;1;6;A;236;0;0
11/05/2023 20:45;1;6;A;236;0;0
11/05/2023 20:46;1;6;A;237;0;0
11/05/2023 20:46;1;6;A;237;0;0
11/05/2023 20:46;1;6;A;238;0;0
11/05/2023 20:46;1;6;A;238;0;0
11/05/2023 20:46;1;6;A;238;0;0
11/05/2023 20:46;1;6;A;238;0;0
11/05/2023 20:46;1;6;A;238;0;0
11/05/2023 20:46;1;6;M4;238;0;0
11/05/2023 20:46;1;6;M4;238;0;0
11/05/2023 20:46;1;6;A;238;0;0
11/05/2023 20:46;1;6;A;238;0;0
11/05/2023 20:46;1;6;A;238;0;0
11/05/2023 20:47;1;6;A;238;0;0
11/05/2023 20:47;1;6;A;238;0;0
11/05/2023 20:47;1;6;A;238;0;0
11/05/2023 20:47;1;6;A;238;0;0
11/05/2023 20:47;1;6;A;238;0;0
11/05/2023 20:47;1;6;A;238;0;0
11/05/2023 20:47;1;6;A;238;0;0
11/05/2023 20:47;1;6;A;238;0;0
11/05/2023 20:47;1;6;A;238;0;0
11/05/2023 20:47;1;6;A;238;0;0
11/05/2023 20:47;1;6;A;238;0;0
11/05/2023 20:47;1;6;A;238;0;0
11/05/2023 20:48;1;6;A;238;0;0
11/05/2023 20:48;1;6;A;238;0;0
11/05/2023 20:48;1;6;A;238;0;0
11/05/2023 20:48;1;6;A;238;0;0
11/05/2023 20:48;1;6;A;238;0;0
11/05/2023 20:48;1;6;A;238;0;0
11/05/2023 20:48;1;6;A;238;0;0
11/05/2023 20:48;1;6;A;239;0;0
11/05/2023 20:48;1;6;A;239;0;0
11/05/2023 20:48;1;6;A;238;0;0
11/05/2023 20:48;1;6;A;238;0;0
11/05/2023 20:48;1;6;A;238;0;0
11/05/2023 20:49;1;6;A;238;0;0
11/05/2023 20:49;1;6;A;238;0;0
11/05/2023 20:49;1;6;A;238;0;0
11/05/2023 20:49;1;6;A;237;0;0
11/05/2023 20:49;1;6;A;238;0;0
11/05/2023 20:49;1;6;A;238;0;0
11/05/2023 20:49;1;6;A;237;0;0
11/05/2023 20:49;1;6;A;237;0;0
11/05/2023 20:49;1;6;A;237;0;0
11/05/2023 20:49;1;6;A;237;0;0
11/05/2023 20:49;1;6;A;237;0;0
11/05/2023 20:49;1;6;A;237;0;0
11/05/2023 20:50;1;6;A;237;0;0
11/05/2023 20:50;1;6;A;237;0;0
11/05/2023 20:50;1;6;A;237;0;0
11/05/2023 20:50;1;6;A;237;0;0
11/05/2023 20:50;1;6;A;238;0;0
11/05/2023 20:50;1;6;A;238;0;0
11/05/2023 20:50;1;6;A;238;0;0
11/05/2023 20:50;1;6;A;238;0;0
11/05/2023 20:50;1;6;A;238;0;0
11/05/2023 20:50;1;6;A;238;0;0
11/05/2023 20:50;1;6;A;237;0;0
11/05/2023 20:50;1;6;A;237;0;0
11/05/2023 20:51;1;6;A;237;0;0
11/05/2023 20:51;1;6;A;237;0;0
11/05/2023 20:51;1;6;A;237;0;0
11/05/2023 20:51;1;6;A;237;0;0
11/05/2023 20:51;1;6;A;237;0;0
11/05/2023 20:51;1;6;A;237;0;0
11/05/2023 20:51;1;6;A;237;0;0
11/05/2023 20:51;1;6;A;237;0;0
11/05/2023 20:51;1;6;A;237;0;0
11/05/2023 20:51;1;6;A;237;0;0
11/05/2023 20:51;1;6;A;237;0;0
11/05/2023 20:51;1;6;A;236;0;0
11/05/2023 20:52;1;6;A;236;0;0
11/05/2023 20:52;1;6;A;237;0;0
11/05/2023 20:52;1;6;A;237;0;0
11/05/2023 20:52;1;6;A;237;0;0
11/05/2023 20:52;1;6;A;237;0;0
11/05/2023 20:52;1;6;A;238;0;0
11/05/2023 20:52;1;6;A;238;0;0
11/05/2023 20:52;1;6;A;238;0;0
11/05/2023 20:52;1;6;M5;238;0;0
11/05/2023 20:52;1;6;M5;238;0;0
11/05/2023 20:52;1;6;A;237;0;0
11/05/2023 20:52;1;6;A;237;0;0
11/05/2023 20:53;1;6;A;237;0;0
11/05/2023 20:53;1;6;A;237;0;0
11/05/2023 20:53;1;6;A;237;0;0
11/05/2023 20:53;1;6;A;237;0;0
11/05/2023 20:53;1;6;A;238;0;0
11/05/2023 20:53;1;6;A;238;0;0
11/05/2023 20:53;1;6;A;238;0;0
11/05/2023 20:53;1;6;A;238;0;0
11/05/2023 20:53;1;6;A;238;0;0
11/05/2023 20:53;1;6;A;238;0;0
11/05/2023 20:53;1;6;A;238;0;0
11/05/2023 20:53;1;6;A;238;0;0
11/05/2023 20:54;1;6;A;238;0;0
11/05/2023 20:54;1;6;A;238;0;0
11/05/2023 20:54;1;6;A;238;0;0
11/05/2023 20:54;1;6;A;238;0;0
11/05/2023 20:54;1;6;A;238;0;0
11/05/2023 20:54;1;6;A;238;0;0
11/05/2023 20:54;1;6;A;238;0;0
11/05/2023 20:54;1;6;A;238;0;0
11/05/2023 20:54;1;6;A;238;0;0
11/05/2023 20:54;1;6;A;238;0;0
11/05/2023 20:54;1;6;A;237;0;0
11/05/2023 20:54;1;6;A;237;0;0
11/05/2023 20:55;1;6;A;237;0;0
11/05/2023 20:55;1;6;A;237;0;0
11/05/2023 20:55;1;6;A;237;0;0
11/05/2023 20:55;1;6;A;237;0;0
11/05/2023 20:55;1;6;A;237;0;0
11/05/2023 20:55;1;6;A;238;0;0
11/05/2023 20:55;1;6;A;238;0;0
11/05/2023 20:55;1;6;A;238;0;0
11/05/2023 20:55;1;6;A;238;0;0
11/05/2023 20:55;1;6;A;238;0;0
11/05/2023 20:55;1;6;A;238;0;0
11/05/2023 20:55;1;6;A;238;0;0
11/05/2023 20:56;1;6;A;238;0;0
11/05/2023 20:56;1;6;A;239;0;0
11/05/2023 20:56;1;6;A;239;0;0
11/05/2023 20:56;1;6;A;239;0;0
11/05/2023 20:56;1;6;A;239;0;0
11/05/2023 20:56;1;6;A;238;0;0
11/05/2023 20:56;1;6;A;238;0;0
11/05/2023 20:56;1;6;A;238;0;0
11/05/2023 20:56;1;6;A;238;0;0
11/05/2023 20:56;1;6;A;238;0;0
11/05/2023 20:56;1;6;A;239;0;0
11/05/2023 20:56;1;6;A;239;0;0
11/05/2023 20:57;1;6;A;239;0;0
11/05/2023 20:57;1;6;A;239;0;0
11/05/2023 20:57;1;6;A;239;0;0
11/05/2023 20:57;1;6;A;239;0;0
11/05/2023 20:57;1;6;A;238;0;0
11/05/2023 20:57;1;6;A;238;0;0
11/05/2023 20:57;1;6;A;237;0;0
11/05/2023 20:57;1;6;A;237;0;0
11/05/2023 20:57;1;6;A;236;0;0
11/05/2023 20:57;1;6;A;236;0;0
11/05/2023 20:57;1;6;A;236;0;0
11/05/2023 20:57;1;6;A;236;0;0
11/05/2023 20:58;1;6;A;236;0;0
11/05/2023 20:58;1;6;A;236;0;0
11/05/2023 20:58;1;6;A;237;0;0
11/05/2023 20:58;1;6;A;237;0;0
11/05/2023 20:58;1;6;A;237;0;0
11/05/2023 20:58;1;6;A;237;0;0
11/05/2023 20:58;1;6;A;237;0;0
11/05/2023 20:58;1;6;A;237;0;0
11/05/2023 20:58;1;6;A;238;0;0
11/05/2023 20:58;1;6;A;238;0;0
